NAME_1,NAME_2,lon,lat,F.dap,F,FDATE,FMCD,FACD,FDEP,FAMN,FAMP,FAMK,FAMC,FAMO,FOCD,FERNAME,q25,q50,q75
Kisumu,Nyakach,34.825,-0.325,0,1,NA,FE006,AP004,5,39,69,0,-99,-99,-99,1st fert. 1st application,66,68,76
Kisumu,Nyakach,34.825,-0.325,42,2,NA,FE006,AP004,5,24,42,0,-99,-99,-99,1st fert. 2nd application,66,68,76
Kisumu,Nyakach,34.825,-0.325,0,1,NA,FE006,AP004,5,32,55,0,-99,-99,-99,2nd fert. 1st application,66,68,76
Kisumu,Nyakach,34.825,-0.325,42,2,NA,FE006,AP004,5,32,55,0,-99,-99,-99,2nd fert. 2nd application,66,68,76
Kisumu,Nyakach,34.825,-0.325,0,1,NA,FE006,AP004,5,24,42,0,-99,-99,-99,3rd fert. 1st application,66,68,76
Kisumu,Nyakach,34.825,-0.325,42,2,NA,FE006,AP004,5,39,69,0,-99,-99,-99,3rd fert. 2nd application,66,68,76
Kisumu,Nyakach,34.875,-0.325,0,1,NA,FE006,AP004,5,64,34,0,-99,-99,-99,1st fert. 1st application,61,78,79
Kisumu,Nyakach,34.875,-0.325,42,2,NA,FE006,AP004,5,39,20,0,-99,-99,-99,1st fert. 2nd application,61,78,79
Kisumu,Nyakach,34.875,-0.325,0,1,NA,FE006,AP004,5,52,27,0,-99,-99,-99,2nd fert. 1st application,61,78,79
Kisumu,Nyakach,34.875,-0.325,42,2,NA,FE006,AP004,5,52,27,0,-99,-99,-99,2nd fert. 2nd application,61,78,79
Kisumu,Nyakach,34.875,-0.325,0,1,NA,FE006,AP004,5,39,20,0,-99,-99,-99,3rd fert. 1st application,61,78,79
Kisumu,Nyakach,34.875,-0.325,42,2,NA,FE006,AP004,5,64,34,0,-99,-99,-99,3rd fert. 2nd application,61,78,79
Kisumu,Nyakach,34.925,-0.325,0,1,NA,FE006,AP004,5,45,32,0,-99,-99,-99,1st fert. 1st application,71,71,78
Kisumu,Nyakach,34.925,-0.325,42,2,NA,FE006,AP004,5,27,19,0,-99,-99,-99,1st fert. 2nd application,71,71,78
Kisumu,Nyakach,34.925,-0.325,0,1,NA,FE006,AP004,5,36,25,0,-99,-99,-99,2nd fert. 1st application,71,71,78
Kisumu,Nyakach,34.925,-0.325,42,2,NA,FE006,AP004,5,36,25,0,-99,-99,-99,2nd fert. 2nd application,71,71,78
Kisumu,Nyakach,34.925,-0.325,0,1,NA,FE006,AP004,5,27,19,0,-99,-99,-99,3rd fert. 1st application,71,71,78
Kisumu,Nyakach,34.925,-0.325,42,2,NA,FE006,AP004,5,45,32,0,-99,-99,-99,3rd fert. 2nd application,71,71,78
Kisumu,Nyakach,34.975,-0.325,0,1,NA,FE006,AP004,5,69,58,0,-99,-99,-99,1st fert. 1st application,69,69,79
Kisumu,Nyakach,34.975,-0.325,42,2,NA,FE006,AP004,5,41,35,0,-99,-99,-99,1st fert. 2nd application,69,69,79
Kisumu,Nyakach,34.975,-0.325,0,1,NA,FE006,AP004,5,55,46,0,-99,-99,-99,2nd fert. 1st application,69,69,79
Kisumu,Nyakach,34.975,-0.325,42,2,NA,FE006,AP004,5,55,46,0,-99,-99,-99,2nd fert. 2nd application,69,69,79
Kisumu,Nyakach,34.975,-0.325,0,1,NA,FE006,AP004,5,41,35,0,-99,-99,-99,3rd fert. 1st application,69,69,79
Kisumu,Nyakach,34.975,-0.325,42,2,NA,FE006,AP004,5,69,58,0,-99,-99,-99,3rd fert. 2nd application,69,69,79
Kisumu,Nyakach,34.825,-0.375,0,1,NA,FE006,AP004,5,72,42,0,-99,-99,-99,1st fert. 1st application,62,71,74
Kisumu,Nyakach,34.825,-0.375,42,2,NA,FE006,AP004,5,43,25,0,-99,-99,-99,1st fert. 2nd application,62,71,74
Kisumu,Nyakach,34.825,-0.375,0,1,NA,FE006,AP004,5,58,34,0,-99,-99,-99,2nd fert. 1st application,62,71,74
Kisumu,Nyakach,34.825,-0.375,42,2,NA,FE006,AP004,5,58,34,0,-99,-99,-99,2nd fert. 2nd application,62,71,74
Kisumu,Nyakach,34.825,-0.375,0,1,NA,FE006,AP004,5,43,25,0,-99,-99,-99,3rd fert. 1st application,62,71,74
Kisumu,Nyakach,34.825,-0.375,42,2,NA,FE006,AP004,5,72,42,0,-99,-99,-99,3rd fert. 2nd application,62,71,74
Kisumu,Nyakach,34.875,-0.375,0,1,NA,FE006,AP004,5,27,58,0,-99,-99,-99,1st fert. 1st application,61,65,78
Kisumu,Nyakach,34.875,-0.375,42,2,NA,FE006,AP004,5,16,35,0,-99,-99,-99,1st fert. 2nd application,61,65,78
Kisumu,Nyakach,34.875,-0.375,0,1,NA,FE006,AP004,5,22,46,0,-99,-99,-99,2nd fert. 1st application,61,65,78
Kisumu,Nyakach,34.875,-0.375,42,2,NA,FE006,AP004,5,22,46,0,-99,-99,-99,2nd fert. 2nd application,61,65,78
Kisumu,Nyakach,34.875,-0.375,0,1,NA,FE006,AP004,5,16,35,0,-99,-99,-99,3rd fert. 1st application,61,65,78
Kisumu,Nyakach,34.875,-0.375,42,2,NA,FE006,AP004,5,27,58,0,-99,-99,-99,3rd fert. 2nd application,61,65,78
Kisumu,Nyakach,34.925,-0.375,0,1,NA,FE006,AP004,5,51,41,0,-99,-99,-99,1st fert. 1st application,67,78,79
Kisumu,Nyakach,34.925,-0.375,42,2,NA,FE006,AP004,5,31,25,0,-99,-99,-99,1st fert. 2nd application,67,78,79
Kisumu,Nyakach,34.925,-0.375,0,1,NA,FE006,AP004,5,41,33,0,-99,-99,-99,2nd fert. 1st application,67,78,79
Kisumu,Nyakach,34.925,-0.375,42,2,NA,FE006,AP004,5,41,33,0,-99,-99,-99,2nd fert. 2nd application,67,78,79
Kisumu,Nyakach,34.925,-0.375,0,1,NA,FE006,AP004,5,31,25,0,-99,-99,-99,3rd fert. 1st application,67,78,79
Kisumu,Nyakach,34.925,-0.375,42,2,NA,FE006,AP004,5,51,41,0,-99,-99,-99,3rd fert. 2nd application,67,78,79
Kisumu,Nyakach,34.975,-0.375,0,1,NA,FE006,AP004,5,70,34,0,-99,-99,-99,1st fert. 1st application,73,74,80
Kisumu,Nyakach,34.975,-0.375,42,2,NA,FE006,AP004,5,42,21,0,-99,-99,-99,1st fert. 2nd application,73,74,80
Kisumu,Nyakach,34.975,-0.375,0,1,NA,FE006,AP004,5,56,28,0,-99,-99,-99,2nd fert. 1st application,73,74,80
Kisumu,Nyakach,34.975,-0.375,42,2,NA,FE006,AP004,5,56,28,0,-99,-99,-99,2nd fert. 2nd application,73,74,80
Kisumu,Nyakach,34.975,-0.375,0,1,NA,FE006,AP004,5,42,21,0,-99,-99,-99,3rd fert. 1st application,73,74,80
Kisumu,Nyakach,34.975,-0.375,42,2,NA,FE006,AP004,5,70,34,0,-99,-99,-99,3rd fert. 2nd application,73,74,80
Kisumu,Seme,34.475,-0.225,0,1,NA,FE006,AP004,5,53,64,0,-99,-99,-99,1st fert. 1st application,71,73,74
Kisumu,Seme,34.475,-0.225,42,2,NA,FE006,AP004,5,32,38,0,-99,-99,-99,1st fert. 2nd application,71,73,74
Kisumu,Seme,34.475,-0.225,0,1,NA,FE006,AP004,5,42,51,0,-99,-99,-99,2nd fert. 1st application,71,73,74
Kisumu,Seme,34.475,-0.225,42,2,NA,FE006,AP004,5,42,51,0,-99,-99,-99,2nd fert. 2nd application,71,73,74
Kisumu,Seme,34.475,-0.225,0,1,NA,FE006,AP004,5,32,38,0,-99,-99,-99,3rd fert. 1st application,71,73,74
Kisumu,Seme,34.475,-0.225,42,2,NA,FE006,AP004,5,53,64,0,-99,-99,-99,3rd fert. 2nd application,71,73,74
Kisumu,Seme,34.525,-0.225,0,1,NA,FE006,AP004,5,48,30,0,-99,-99,-99,1st fert. 1st application,63,66,72
Kisumu,Seme,34.525,-0.225,42,2,NA,FE006,AP004,5,29,18,0,-99,-99,-99,1st fert. 2nd application,63,66,72
Kisumu,Seme,34.525,-0.225,0,1,NA,FE006,AP004,5,38,24,0,-99,-99,-99,2nd fert. 1st application,63,66,72
Kisumu,Seme,34.525,-0.225,42,2,NA,FE006,AP004,5,38,24,0,-99,-99,-99,2nd fert. 2nd application,63,66,72
Kisumu,Seme,34.525,-0.225,0,1,NA,FE006,AP004,5,29,18,0,-99,-99,-99,3rd fert. 1st application,63,66,72
Kisumu,Seme,34.525,-0.225,42,2,NA,FE006,AP004,5,48,30,0,-99,-99,-99,3rd fert. 2nd application,63,66,72
Kisumu,Seme,34.575,-0.225,0,1,NA,FE006,AP004,5,73,48,0,-99,-99,-99,1st fert. 1st application,74,78,79
Kisumu,Seme,34.575,-0.225,42,2,NA,FE006,AP004,5,44,29,0,-99,-99,-99,1st fert. 2nd application,74,78,79
Kisumu,Seme,34.575,-0.225,0,1,NA,FE006,AP004,5,58,39,0,-99,-99,-99,2nd fert. 1st application,74,78,79
Kisumu,Seme,34.575,-0.225,42,2,NA,FE006,AP004,5,58,39,0,-99,-99,-99,2nd fert. 2nd application,74,78,79
Kisumu,Seme,34.575,-0.225,0,1,NA,FE006,AP004,5,44,29,0,-99,-99,-99,3rd fert. 1st application,74,78,79
Kisumu,Seme,34.575,-0.225,42,2,NA,FE006,AP004,5,73,48,0,-99,-99,-99,3rd fert. 2nd application,74,78,79
Kisumu,Nyando,34.625,-0.225,0,1,NA,FE006,AP004,5,48,51,0,-99,-99,-99,1st fert. 1st application,60,70,76
Kisumu,Nyando,34.625,-0.225,42,2,NA,FE006,AP004,5,29,30,0,-99,-99,-99,1st fert. 2nd application,60,70,76
Kisumu,Nyando,34.625,-0.225,0,1,NA,FE006,AP004,5,38,40,0,-99,-99,-99,2nd fert. 1st application,60,70,76
Kisumu,Nyando,34.625,-0.225,42,2,NA,FE006,AP004,5,38,40,0,-99,-99,-99,2nd fert. 2nd application,60,70,76
Kisumu,Nyando,34.625,-0.225,0,1,NA,FE006,AP004,5,29,30,0,-99,-99,-99,3rd fert. 1st application,60,70,76
Kisumu,Nyando,34.625,-0.225,42,2,NA,FE006,AP004,5,48,51,0,-99,-99,-99,3rd fert. 2nd application,60,70,76
Kisumu,Nyando,34.675,-0.225,0,1,NA,FE006,AP004,5,59,55,0,-99,-99,-99,1st fert. 1st application,64,66,75
Kisumu,Nyando,34.675,-0.225,42,2,NA,FE006,AP004,5,35,33,0,-99,-99,-99,1st fert. 2nd application,64,66,75
Kisumu,Nyando,34.675,-0.225,0,1,NA,FE006,AP004,5,47,44,0,-99,-99,-99,2nd fert. 1st application,64,66,75
Kisumu,Nyando,34.675,-0.225,42,2,NA,FE006,AP004,5,47,44,0,-99,-99,-99,2nd fert. 2nd application,64,66,75
Kisumu,Nyando,34.675,-0.225,0,1,NA,FE006,AP004,5,35,33,0,-99,-99,-99,3rd fert. 1st application,64,66,75
Kisumu,Nyando,34.675,-0.225,42,2,NA,FE006,AP004,5,59,55,0,-99,-99,-99,3rd fert. 2nd application,64,66,75
Kisumu,Nyando,34.725,-0.225,0,1,NA,FE006,AP004,5,54,42,0,-99,-99,-99,1st fert. 1st application,63,65,68
Kisumu,Nyando,34.725,-0.225,42,2,NA,FE006,AP004,5,32,25,0,-99,-99,-99,1st fert. 2nd application,63,65,68
Kisumu,Nyando,34.725,-0.225,0,1,NA,FE006,AP004,5,43,33,0,-99,-99,-99,2nd fert. 1st application,63,65,68
Kisumu,Nyando,34.725,-0.225,42,2,NA,FE006,AP004,5,43,33,0,-99,-99,-99,2nd fert. 2nd application,63,65,68
Kisumu,Nyando,34.725,-0.225,0,1,NA,FE006,AP004,5,32,25,0,-99,-99,-99,3rd fert. 1st application,63,65,68
Kisumu,Nyando,34.725,-0.225,42,2,NA,FE006,AP004,5,54,42,0,-99,-99,-99,3rd fert. 2nd application,63,65,68
Kisumu,Nyando,34.775,-0.225,0,1,NA,FE006,AP004,5,30,49,0,-99,-99,-99,1st fert. 1st application,63,67,68
Kisumu,Nyando,34.775,-0.225,42,2,NA,FE006,AP004,5,18,30,0,-99,-99,-99,1st fert. 2nd application,63,67,68
Kisumu,Nyando,34.775,-0.225,0,1,NA,FE006,AP004,5,24,40,0,-99,-99,-99,2nd fert. 1st application,63,67,68
Kisumu,Nyando,34.775,-0.225,42,2,NA,FE006,AP004,5,24,40,0,-99,-99,-99,2nd fert. 2nd application,63,67,68
Kisumu,Nyando,34.775,-0.225,0,1,NA,FE006,AP004,5,18,30,0,-99,-99,-99,3rd fert. 1st application,63,67,68
Kisumu,Nyando,34.775,-0.225,42,2,NA,FE006,AP004,5,30,49,0,-99,-99,-99,3rd fert. 2nd application,63,67,68
Kisumu,Nyando,34.825,-0.225,0,1,NA,FE006,AP004,5,70,73,0,-99,-99,-99,1st fert. 1st application,63,65,69
Kisumu,Nyando,34.825,-0.225,42,2,NA,FE006,AP004,5,42,44,0,-99,-99,-99,1st fert. 2nd application,63,65,69
Kisumu,Nyando,34.825,-0.225,0,1,NA,FE006,AP004,5,56,58,0,-99,-99,-99,2nd fert. 1st application,63,65,69
Kisumu,Nyando,34.825,-0.225,42,2,NA,FE006,AP004,5,56,58,0,-99,-99,-99,2nd fert. 2nd application,63,65,69
Kisumu,Nyando,34.825,-0.225,0,1,NA,FE006,AP004,5,42,44,0,-99,-99,-99,3rd fert. 1st application,63,65,69
Kisumu,Nyando,34.825,-0.225,42,2,NA,FE006,AP004,5,70,73,0,-99,-99,-99,3rd fert. 2nd application,63,65,69
Kisumu,Nyando,34.875,-0.225,0,1,NA,FE006,AP004,5,37,49,0,-99,-99,-99,1st fert. 1st application,61,65,77
Kisumu,Nyando,34.875,-0.225,42,2,NA,FE006,AP004,5,22,29,0,-99,-99,-99,1st fert. 2nd application,61,65,77
Kisumu,Nyando,34.875,-0.225,0,1,NA,FE006,AP004,5,30,39,0,-99,-99,-99,2nd fert. 1st application,61,65,77
Kisumu,Nyando,34.875,-0.225,42,2,NA,FE006,AP004,5,30,39,0,-99,-99,-99,2nd fert. 2nd application,61,65,77
Kisumu,Nyando,34.875,-0.225,0,1,NA,FE006,AP004,5,22,29,0,-99,-99,-99,3rd fert. 1st application,61,65,77
Kisumu,Nyando,34.875,-0.225,42,2,NA,FE006,AP004,5,37,49,0,-99,-99,-99,3rd fert. 2nd application,61,65,77
Kisumu,Nyando,34.925,-0.225,0,1,NA,FE006,AP004,5,27,70,0,-99,-99,-99,1st fert. 1st application,62,69,76
Kisumu,Nyando,34.925,-0.225,42,2,NA,FE006,AP004,5,16,42,0,-99,-99,-99,1st fert. 2nd application,62,69,76
Kisumu,Nyando,34.925,-0.225,0,1,NA,FE006,AP004,5,22,56,0,-99,-99,-99,2nd fert. 1st application,62,69,76
Kisumu,Nyando,34.925,-0.225,42,2,NA,FE006,AP004,5,22,56,0,-99,-99,-99,2nd fert. 2nd application,62,69,76
Kisumu,Nyando,34.925,-0.225,0,1,NA,FE006,AP004,5,16,42,0,-99,-99,-99,3rd fert. 1st application,62,69,76
Kisumu,Nyando,34.925,-0.225,42,2,NA,FE006,AP004,5,27,70,0,-99,-99,-99,3rd fert. 2nd application,62,69,76
Kisumu,Nyando,34.975,-0.225,0,1,NA,FE006,AP004,5,41,71,0,-99,-99,-99,1st fert. 1st application,63,64,71
Kisumu,Nyando,34.975,-0.225,42,2,NA,FE006,AP004,5,25,42,0,-99,-99,-99,1st fert. 2nd application,63,64,71
Kisumu,Nyando,34.975,-0.225,0,1,NA,FE006,AP004,5,33,57,0,-99,-99,-99,2nd fert. 1st application,63,64,71
Kisumu,Nyando,34.975,-0.225,42,2,NA,FE006,AP004,5,33,57,0,-99,-99,-99,2nd fert. 2nd application,63,64,71
Kisumu,Nyando,34.975,-0.225,0,1,NA,FE006,AP004,5,25,42,0,-99,-99,-99,3rd fert. 1st application,63,64,71
Kisumu,Nyando,34.975,-0.225,42,2,NA,FE006,AP004,5,41,71,0,-99,-99,-99,3rd fert. 2nd application,63,64,71
Kisumu,Nyando,35.025,-0.225,0,1,NA,FE006,AP004,5,73,55,0,-99,-99,-99,1st fert. 1st application,67,75,78
Kisumu,Nyando,35.025,-0.225,42,2,NA,FE006,AP004,5,44,33,0,-99,-99,-99,1st fert. 2nd application,67,75,78
Kisumu,Nyando,35.025,-0.225,0,1,NA,FE006,AP004,5,58,44,0,-99,-99,-99,2nd fert. 1st application,67,75,78
Kisumu,Nyando,35.025,-0.225,42,2,NA,FE006,AP004,5,58,44,0,-99,-99,-99,2nd fert. 2nd application,67,75,78
Kisumu,Nyando,35.025,-0.225,0,1,NA,FE006,AP004,5,44,33,0,-99,-99,-99,3rd fert. 1st application,67,75,78
Kisumu,Nyando,35.025,-0.225,42,2,NA,FE006,AP004,5,73,55,0,-99,-99,-99,3rd fert. 2nd application,67,75,78
Kisumu,Muhoroni,35.275,-0.225,0,1,NA,FE006,AP004,5,69,46,0,-99,-99,-99,1st fert. 1st application,62,68,73
Kisumu,Muhoroni,35.275,-0.225,42,2,NA,FE006,AP004,5,42,27,0,-99,-99,-99,1st fert. 2nd application,62,68,73
Kisumu,Muhoroni,35.275,-0.225,0,1,NA,FE006,AP004,5,56,36,0,-99,-99,-99,2nd fert. 1st application,62,68,73
Kisumu,Muhoroni,35.275,-0.225,42,2,NA,FE006,AP004,5,56,36,0,-99,-99,-99,2nd fert. 2nd application,62,68,73
Kisumu,Muhoroni,35.275,-0.225,0,1,NA,FE006,AP004,5,42,27,0,-99,-99,-99,3rd fert. 1st application,62,68,73
Kisumu,Muhoroni,35.275,-0.225,42,2,NA,FE006,AP004,5,69,46,0,-99,-99,-99,3rd fert. 2nd application,62,68,73
Kisumu,Muhoroni,35.325,-0.225,0,1,NA,FE006,AP004,5,60,32,0,-99,-99,-99,1st fert. 1st application,65,69,76
Kisumu,Muhoroni,35.325,-0.225,42,2,NA,FE006,AP004,5,36,19,0,-99,-99,-99,1st fert. 2nd application,65,69,76
Kisumu,Muhoroni,35.325,-0.225,0,1,NA,FE006,AP004,5,48,26,0,-99,-99,-99,2nd fert. 1st application,65,69,76
Kisumu,Muhoroni,35.325,-0.225,42,2,NA,FE006,AP004,5,48,26,0,-99,-99,-99,2nd fert. 2nd application,65,69,76
Kisumu,Muhoroni,35.325,-0.225,0,1,NA,FE006,AP004,5,36,19,0,-99,-99,-99,3rd fert. 1st application,65,69,76
Kisumu,Muhoroni,35.325,-0.225,42,2,NA,FE006,AP004,5,60,32,0,-99,-99,-99,3rd fert. 2nd application,65,69,76
Kisumu,Nyakach,34.775,-0.275,0,1,NA,FE006,AP004,5,57,72,0,-99,-99,-99,1st fert. 1st application,76,76,76
Kisumu,Nyakach,34.775,-0.275,42,2,NA,FE006,AP004,5,34,43,0,-99,-99,-99,1st fert. 2nd application,76,76,76
Kisumu,Nyakach,34.775,-0.275,0,1,NA,FE006,AP004,5,46,57,0,-99,-99,-99,2nd fert. 1st application,76,76,76
Kisumu,Nyakach,34.775,-0.275,42,2,NA,FE006,AP004,5,46,57,0,-99,-99,-99,2nd fert. 2nd application,76,76,76
Kisumu,Nyakach,34.775,-0.275,0,1,NA,FE006,AP004,5,34,43,0,-99,-99,-99,3rd fert. 1st application,76,76,76
Kisumu,Nyakach,34.775,-0.275,42,2,NA,FE006,AP004,5,57,72,0,-99,-99,-99,3rd fert. 2nd application,76,76,76
Kisumu,Nyando,34.825,-0.275,0,1,NA,FE006,AP004,5,75,40,0,-99,-99,-99,1st fert. 1st application,69,73,75
Kisumu,Nyando,34.825,-0.275,42,2,NA,FE006,AP004,5,45,24,0,-99,-99,-99,1st fert. 2nd application,69,73,75
Kisumu,Nyando,34.825,-0.275,0,1,NA,FE006,AP004,5,60,32,0,-99,-99,-99,2nd fert. 1st application,69,73,75
Kisumu,Nyando,34.825,-0.275,42,2,NA,FE006,AP004,5,60,32,0,-99,-99,-99,2nd fert. 2nd application,69,73,75
Kisumu,Nyando,34.825,-0.275,0,1,NA,FE006,AP004,5,45,24,0,-99,-99,-99,3rd fert. 1st application,69,73,75
Kisumu,Nyando,34.825,-0.275,42,2,NA,FE006,AP004,5,75,40,0,-99,-99,-99,3rd fert. 2nd application,69,73,75
Kisumu,Nyando,34.875,-0.275,0,1,NA,FE006,AP004,5,58,28,0,-99,-99,-99,1st fert. 1st application,60,70,74
Kisumu,Nyando,34.875,-0.275,42,2,NA,FE006,AP004,5,35,17,0,-99,-99,-99,1st fert. 2nd application,60,70,74
Kisumu,Nyando,34.875,-0.275,0,1,NA,FE006,AP004,5,46,22,0,-99,-99,-99,2nd fert. 1st application,60,70,74
Kisumu,Nyando,34.875,-0.275,42,2,NA,FE006,AP004,5,46,22,0,-99,-99,-99,2nd fert. 2nd application,60,70,74
Kisumu,Nyando,34.875,-0.275,0,1,NA,FE006,AP004,5,35,17,0,-99,-99,-99,3rd fert. 1st application,60,70,74
Kisumu,Nyando,34.875,-0.275,42,2,NA,FE006,AP004,5,58,28,0,-99,-99,-99,3rd fert. 2nd application,60,70,74
Kisumu,Nyakach,34.925,-0.275,0,1,NA,FE006,AP004,5,60,72,0,-99,-99,-99,1st fert. 1st application,64,68,72
Kisumu,Nyakach,34.925,-0.275,42,2,NA,FE006,AP004,5,36,43,0,-99,-99,-99,1st fert. 2nd application,64,68,72
Kisumu,Nyakach,34.925,-0.275,0,1,NA,FE006,AP004,5,48,58,0,-99,-99,-99,2nd fert. 1st application,64,68,72
Kisumu,Nyakach,34.925,-0.275,42,2,NA,FE006,AP004,5,48,58,0,-99,-99,-99,2nd fert. 2nd application,64,68,72
Kisumu,Nyakach,34.925,-0.275,0,1,NA,FE006,AP004,5,36,43,0,-99,-99,-99,3rd fert. 1st application,64,68,72
Kisumu,Nyakach,34.925,-0.275,42,2,NA,FE006,AP004,5,60,72,0,-99,-99,-99,3rd fert. 2nd application,64,68,72
Kisumu,Nyakach,34.975,-0.275,0,1,NA,FE006,AP004,5,52,61,0,-99,-99,-99,1st fert. 1st application,62,65,67
Kisumu,Nyakach,34.975,-0.275,42,2,NA,FE006,AP004,5,31,37,0,-99,-99,-99,1st fert. 2nd application,62,65,67
Kisumu,Nyakach,34.975,-0.275,0,1,NA,FE006,AP004,5,42,49,0,-99,-99,-99,2nd fert. 1st application,62,65,67
Kisumu,Nyakach,34.975,-0.275,42,2,NA,FE006,AP004,5,42,49,0,-99,-99,-99,2nd fert. 2nd application,62,65,67
Kisumu,Nyakach,34.975,-0.275,0,1,NA,FE006,AP004,5,31,37,0,-99,-99,-99,3rd fert. 1st application,62,65,67
Kisumu,Nyakach,34.975,-0.275,42,2,NA,FE006,AP004,5,52,61,0,-99,-99,-99,3rd fert. 2nd application,62,65,67
Kisumu,Nyando,35.025,-0.275,0,1,NA,FE006,AP004,5,55,32,0,-99,-99,-99,1st fert. 1st application,68,73,76
Kisumu,Nyando,35.025,-0.275,42,2,NA,FE006,AP004,5,33,19,0,-99,-99,-99,1st fert. 2nd application,68,73,76
Kisumu,Nyando,35.025,-0.275,0,1,NA,FE006,AP004,5,44,26,0,-99,-99,-99,2nd fert. 1st application,68,73,76
Kisumu,Nyando,35.025,-0.275,42,2,NA,FE006,AP004,5,44,26,0,-99,-99,-99,2nd fert. 2nd application,68,73,76
Kisumu,Nyando,35.025,-0.275,0,1,NA,FE006,AP004,5,33,19,0,-99,-99,-99,3rd fert. 1st application,68,73,76
Kisumu,Nyando,35.025,-0.275,42,2,NA,FE006,AP004,5,55,32,0,-99,-99,-99,3rd fert. 2nd application,68,73,76
Kisumu,Seme,34.475,-0.125,0,1,NA,FE006,AP004,5,39,52,0,-99,-99,-99,1st fert. 1st application,62,69,80
Kisumu,Seme,34.475,-0.125,42,2,NA,FE006,AP004,5,24,31,0,-99,-99,-99,1st fert. 2nd application,62,69,80
Kisumu,Seme,34.475,-0.125,0,1,NA,FE006,AP004,5,32,42,0,-99,-99,-99,2nd fert. 1st application,62,69,80
Kisumu,Seme,34.475,-0.125,42,2,NA,FE006,AP004,5,32,42,0,-99,-99,-99,2nd fert. 2nd application,62,69,80
Kisumu,Seme,34.475,-0.125,0,1,NA,FE006,AP004,5,24,31,0,-99,-99,-99,3rd fert. 1st application,62,69,80
Kisumu,Seme,34.475,-0.125,42,2,NA,FE006,AP004,5,39,52,0,-99,-99,-99,3rd fert. 2nd application,62,69,80
Kisumu,Seme,34.525,-0.125,0,1,NA,FE006,AP004,5,32,73,0,-99,-99,-99,1st fert. 1st application,64,78,78
Kisumu,Seme,34.525,-0.125,42,2,NA,FE006,AP004,5,19,44,0,-99,-99,-99,1st fert. 2nd application,64,78,78
Kisumu,Seme,34.525,-0.125,0,1,NA,FE006,AP004,5,26,58,0,-99,-99,-99,2nd fert. 1st application,64,78,78
Kisumu,Seme,34.525,-0.125,42,2,NA,FE006,AP004,5,26,58,0,-99,-99,-99,2nd fert. 2nd application,64,78,78
Kisumu,Seme,34.525,-0.125,0,1,NA,FE006,AP004,5,19,44,0,-99,-99,-99,3rd fert. 1st application,64,78,78
Kisumu,Seme,34.525,-0.125,42,2,NA,FE006,AP004,5,32,73,0,-99,-99,-99,3rd fert. 2nd application,64,78,78
Kisumu,Seme,34.575,-0.125,0,1,NA,FE006,AP004,5,73,54,0,-99,-99,-99,1st fert. 1st application,63,67,73
Kisumu,Seme,34.575,-0.125,42,2,NA,FE006,AP004,5,44,33,0,-99,-99,-99,1st fert. 2nd application,63,67,73
Kisumu,Seme,34.575,-0.125,0,1,NA,FE006,AP004,5,59,43,0,-99,-99,-99,2nd fert. 1st application,63,67,73
Kisumu,Seme,34.575,-0.125,42,2,NA,FE006,AP004,5,59,43,0,-99,-99,-99,2nd fert. 2nd application,63,67,73
Kisumu,Seme,34.575,-0.125,0,1,NA,FE006,AP004,5,44,33,0,-99,-99,-99,3rd fert. 1st application,63,67,73
Kisumu,Seme,34.575,-0.125,42,2,NA,FE006,AP004,5,73,54,0,-99,-99,-99,3rd fert. 2nd application,63,67,73
Kisumu,Kisumu West,34.625,-0.125,0,1,NA,FE006,AP004,5,70,45,0,-99,-99,-99,1st fert. 1st application,64,66,73
Kisumu,Kisumu West,34.625,-0.125,42,2,NA,FE006,AP004,5,42,27,0,-99,-99,-99,1st fert. 2nd application,64,66,73
Kisumu,Kisumu West,34.625,-0.125,0,1,NA,FE006,AP004,5,56,36,0,-99,-99,-99,2nd fert. 1st application,64,66,73
Kisumu,Kisumu West,34.625,-0.125,42,2,NA,FE006,AP004,5,56,36,0,-99,-99,-99,2nd fert. 2nd application,64,66,73
Kisumu,Kisumu West,34.625,-0.125,0,1,NA,FE006,AP004,5,42,27,0,-99,-99,-99,3rd fert. 1st application,64,66,73
Kisumu,Kisumu West,34.625,-0.125,42,2,NA,FE006,AP004,5,70,45,0,-99,-99,-99,3rd fert. 2nd application,64,66,73
Kisumu,Kisumu West,34.675,-0.125,0,1,NA,FE006,AP004,5,60,57,0,-99,-99,-99,1st fert. 1st application,62,69,76
Kisumu,Kisumu West,34.675,-0.125,42,2,NA,FE006,AP004,5,36,34,0,-99,-99,-99,1st fert. 2nd application,62,69,76
Kisumu,Kisumu West,34.675,-0.125,0,1,NA,FE006,AP004,5,48,46,0,-99,-99,-99,2nd fert. 1st application,62,69,76
Kisumu,Kisumu West,34.675,-0.125,42,2,NA,FE006,AP004,5,48,46,0,-99,-99,-99,2nd fert. 2nd application,62,69,76
Kisumu,Kisumu West,34.675,-0.125,0,1,NA,FE006,AP004,5,36,34,0,-99,-99,-99,3rd fert. 1st application,62,69,76
Kisumu,Kisumu West,34.675,-0.125,42,2,NA,FE006,AP004,5,60,57,0,-99,-99,-99,3rd fert. 2nd application,62,69,76
Kisumu,Kisumu Central,34.725,-0.125,0,1,NA,FE006,AP004,5,65,41,0,-99,-99,-99,1st fert. 1st application,67,70,72
Kisumu,Kisumu Central,34.725,-0.125,42,2,NA,FE006,AP004,5,39,25,0,-99,-99,-99,1st fert. 2nd application,67,70,72
Kisumu,Kisumu Central,34.725,-0.125,0,1,NA,FE006,AP004,5,52,33,0,-99,-99,-99,2nd fert. 1st application,67,70,72
Kisumu,Kisumu Central,34.725,-0.125,42,2,NA,FE006,AP004,5,52,33,0,-99,-99,-99,2nd fert. 2nd application,67,70,72
Kisumu,Kisumu Central,34.725,-0.125,0,1,NA,FE006,AP004,5,39,25,0,-99,-99,-99,3rd fert. 1st application,67,70,72
Kisumu,Kisumu Central,34.725,-0.125,42,2,NA,FE006,AP004,5,65,41,0,-99,-99,-99,3rd fert. 2nd application,67,70,72
Kisumu,Kisumu East,34.775,-0.125,0,1,NA,FE006,AP004,5,26,40,0,-99,-99,-99,1st fert. 1st application,70,70,79
Kisumu,Kisumu East,34.775,-0.125,42,2,NA,FE006,AP004,5,16,24,0,-99,-99,-99,1st fert. 2nd application,70,70,79
Kisumu,Kisumu East,34.775,-0.125,0,1,NA,FE006,AP004,5,21,32,0,-99,-99,-99,2nd fert. 1st application,70,70,79
Kisumu,Kisumu East,34.775,-0.125,42,2,NA,FE006,AP004,5,21,32,0,-99,-99,-99,2nd fert. 2nd application,70,70,79
Kisumu,Kisumu East,34.775,-0.125,0,1,NA,FE006,AP004,5,16,24,0,-99,-99,-99,3rd fert. 1st application,70,70,79
Kisumu,Kisumu East,34.775,-0.125,42,2,NA,FE006,AP004,5,26,40,0,-99,-99,-99,3rd fert. 2nd application,70,70,79
Kisumu,Kisumu East,34.825,-0.125,0,1,NA,FE006,AP004,5,49,36,0,-99,-99,-99,1st fert. 1st application,72,78,78
Kisumu,Kisumu East,34.825,-0.125,42,2,NA,FE006,AP004,5,29,22,0,-99,-99,-99,1st fert. 2nd application,72,78,78
Kisumu,Kisumu East,34.825,-0.125,0,1,NA,FE006,AP004,5,39,29,0,-99,-99,-99,2nd fert. 1st application,72,78,78
Kisumu,Kisumu East,34.825,-0.125,42,2,NA,FE006,AP004,5,39,29,0,-99,-99,-99,2nd fert. 2nd application,72,78,78
Kisumu,Kisumu East,34.825,-0.125,0,1,NA,FE006,AP004,5,29,22,0,-99,-99,-99,3rd fert. 1st application,72,78,78
Kisumu,Kisumu East,34.825,-0.125,42,2,NA,FE006,AP004,5,49,36,0,-99,-99,-99,3rd fert. 2nd application,72,78,78
Kisumu,Nyando,34.875,-0.125,0,1,NA,FE006,AP004,5,63,43,0,-99,-99,-99,1st fert. 1st application,63,68,79
Kisumu,Nyando,34.875,-0.125,42,2,NA,FE006,AP004,5,38,26,0,-99,-99,-99,1st fert. 2nd application,63,68,79
Kisumu,Nyando,34.875,-0.125,0,1,NA,FE006,AP004,5,50,35,0,-99,-99,-99,2nd fert. 1st application,63,68,79
Kisumu,Nyando,34.875,-0.125,42,2,NA,FE006,AP004,5,50,35,0,-99,-99,-99,2nd fert. 2nd application,63,68,79
Kisumu,Nyando,34.875,-0.125,0,1,NA,FE006,AP004,5,38,26,0,-99,-99,-99,3rd fert. 1st application,63,68,79
Kisumu,Nyando,34.875,-0.125,42,2,NA,FE006,AP004,5,63,43,0,-99,-99,-99,3rd fert. 2nd application,63,68,79
Kisumu,Muhoroni,34.925,-0.125,0,1,NA,FE006,AP004,5,36,74,0,-99,-99,-99,1st fert. 1st application,61,66,79
Kisumu,Muhoroni,34.925,-0.125,42,2,NA,FE006,AP004,5,21,45,0,-99,-99,-99,1st fert. 2nd application,61,66,79
Kisumu,Muhoroni,34.925,-0.125,0,1,NA,FE006,AP004,5,29,59,0,-99,-99,-99,2nd fert. 1st application,61,66,79
Kisumu,Muhoroni,34.925,-0.125,42,2,NA,FE006,AP004,5,29,59,0,-99,-99,-99,2nd fert. 2nd application,61,66,79
Kisumu,Muhoroni,34.925,-0.125,0,1,NA,FE006,AP004,5,21,45,0,-99,-99,-99,3rd fert. 1st application,61,66,79
Kisumu,Muhoroni,34.925,-0.125,42,2,NA,FE006,AP004,5,36,74,0,-99,-99,-99,3rd fert. 2nd application,61,66,79
Kisumu,Muhoroni,34.975,-0.125,0,1,NA,FE006,AP004,5,41,33,0,-99,-99,-99,1st fert. 1st application,63,71,74
Kisumu,Muhoroni,34.975,-0.125,42,2,NA,FE006,AP004,5,25,20,0,-99,-99,-99,1st fert. 2nd application,63,71,74
Kisumu,Muhoroni,34.975,-0.125,0,1,NA,FE006,AP004,5,33,26,0,-99,-99,-99,2nd fert. 1st application,63,71,74
Kisumu,Muhoroni,34.975,-0.125,42,2,NA,FE006,AP004,5,33,26,0,-99,-99,-99,2nd fert. 2nd application,63,71,74
Kisumu,Muhoroni,34.975,-0.125,0,1,NA,FE006,AP004,5,25,20,0,-99,-99,-99,3rd fert. 1st application,63,71,74
Kisumu,Muhoroni,34.975,-0.125,42,2,NA,FE006,AP004,5,41,33,0,-99,-99,-99,3rd fert. 2nd application,63,71,74
Kisumu,Muhoroni,35.025,-0.125,0,1,NA,FE006,AP004,5,37,30,0,-99,-99,-99,1st fert. 1st application,68,72,79
Kisumu,Muhoroni,35.025,-0.125,42,2,NA,FE006,AP004,5,22,18,0,-99,-99,-99,1st fert. 2nd application,68,72,79
Kisumu,Muhoroni,35.025,-0.125,0,1,NA,FE006,AP004,5,29,24,0,-99,-99,-99,2nd fert. 1st application,68,72,79
Kisumu,Muhoroni,35.025,-0.125,42,2,NA,FE006,AP004,5,29,24,0,-99,-99,-99,2nd fert. 2nd application,68,72,79
Kisumu,Muhoroni,35.025,-0.125,0,1,NA,FE006,AP004,5,22,18,0,-99,-99,-99,3rd fert. 1st application,68,72,79
Kisumu,Muhoroni,35.025,-0.125,42,2,NA,FE006,AP004,5,37,30,0,-99,-99,-99,3rd fert. 2nd application,68,72,79
Kisumu,Muhoroni,35.075,-0.125,0,1,NA,FE006,AP004,5,32,32,0,-99,-99,-99,1st fert. 1st application,66,66,73
Kisumu,Muhoroni,35.075,-0.125,42,2,NA,FE006,AP004,5,19,19,0,-99,-99,-99,1st fert. 2nd application,66,66,73
Kisumu,Muhoroni,35.075,-0.125,0,1,NA,FE006,AP004,5,26,26,0,-99,-99,-99,2nd fert. 1st application,66,66,73
Kisumu,Muhoroni,35.075,-0.125,42,2,NA,FE006,AP004,5,26,26,0,-99,-99,-99,2nd fert. 2nd application,66,66,73
Kisumu,Muhoroni,35.075,-0.125,0,1,NA,FE006,AP004,5,19,19,0,-99,-99,-99,3rd fert. 1st application,66,66,73
Kisumu,Muhoroni,35.075,-0.125,42,2,NA,FE006,AP004,5,32,32,0,-99,-99,-99,3rd fert. 2nd application,66,66,73
Kisumu,Muhoroni,35.125,-0.125,0,1,NA,FE006,AP004,5,46,60,0,-99,-99,-99,1st fert. 1st application,64,67,80
Kisumu,Muhoroni,35.125,-0.125,42,2,NA,FE006,AP004,5,27,36,0,-99,-99,-99,1st fert. 2nd application,64,67,80
Kisumu,Muhoroni,35.125,-0.125,0,1,NA,FE006,AP004,5,37,48,0,-99,-99,-99,2nd fert. 1st application,64,67,80
Kisumu,Muhoroni,35.125,-0.125,42,2,NA,FE006,AP004,5,37,48,0,-99,-99,-99,2nd fert. 2nd application,64,67,80
Kisumu,Muhoroni,35.125,-0.125,0,1,NA,FE006,AP004,5,27,36,0,-99,-99,-99,3rd fert. 1st application,64,67,80
Kisumu,Muhoroni,35.125,-0.125,42,2,NA,FE006,AP004,5,46,60,0,-99,-99,-99,3rd fert. 2nd application,64,67,80
Kisumu,Muhoroni,35.175,-0.125,0,1,NA,FE006,AP004,5,46,56,0,-99,-99,-99,1st fert. 1st application,62,63,63
Kisumu,Muhoroni,35.175,-0.125,42,2,NA,FE006,AP004,5,27,34,0,-99,-99,-99,1st fert. 2nd application,62,63,63
Kisumu,Muhoroni,35.175,-0.125,0,1,NA,FE006,AP004,5,37,45,0,-99,-99,-99,2nd fert. 1st application,62,63,63
Kisumu,Muhoroni,35.175,-0.125,42,2,NA,FE006,AP004,5,37,45,0,-99,-99,-99,2nd fert. 2nd application,62,63,63
Kisumu,Muhoroni,35.175,-0.125,0,1,NA,FE006,AP004,5,27,34,0,-99,-99,-99,3rd fert. 1st application,62,63,63
Kisumu,Muhoroni,35.175,-0.125,42,2,NA,FE006,AP004,5,46,56,0,-99,-99,-99,3rd fert. 2nd application,62,63,63
Kisumu,Muhoroni,35.225,-0.125,0,1,NA,FE006,AP004,5,43,70,0,-99,-99,-99,1st fert. 1st application,72,74,78
Kisumu,Muhoroni,35.225,-0.125,42,2,NA,FE006,AP004,5,26,42,0,-99,-99,-99,1st fert. 2nd application,72,74,78
Kisumu,Muhoroni,35.225,-0.125,0,1,NA,FE006,AP004,5,35,56,0,-99,-99,-99,2nd fert. 1st application,72,74,78
Kisumu,Muhoroni,35.225,-0.125,42,2,NA,FE006,AP004,5,35,56,0,-99,-99,-99,2nd fert. 2nd application,72,74,78
Kisumu,Muhoroni,35.225,-0.125,0,1,NA,FE006,AP004,5,26,42,0,-99,-99,-99,3rd fert. 1st application,72,74,78
Kisumu,Muhoroni,35.225,-0.125,42,2,NA,FE006,AP004,5,43,70,0,-99,-99,-99,3rd fert. 2nd application,72,74,78
Kisumu,Seme,34.475,-0.175,0,1,NA,FE006,AP004,5,33,59,0,-99,-99,-99,1st fert. 1st application,70,73,75
Kisumu,Seme,34.475,-0.175,42,2,NA,FE006,AP004,5,20,35,0,-99,-99,-99,1st fert. 2nd application,70,73,75
Kisumu,Seme,34.475,-0.175,0,1,NA,FE006,AP004,5,26,47,0,-99,-99,-99,2nd fert. 1st application,70,73,75
Kisumu,Seme,34.475,-0.175,42,2,NA,FE006,AP004,5,26,47,0,-99,-99,-99,2nd fert. 2nd application,70,73,75
Kisumu,Seme,34.475,-0.175,0,1,NA,FE006,AP004,5,20,35,0,-99,-99,-99,3rd fert. 1st application,70,73,75
Kisumu,Seme,34.475,-0.175,42,2,NA,FE006,AP004,5,33,59,0,-99,-99,-99,3rd fert. 2nd application,70,73,75
Kisumu,Seme,34.525,-0.175,0,1,NA,FE006,AP004,5,32,62,0,-99,-99,-99,1st fert. 1st application,73,76,76
Kisumu,Seme,34.525,-0.175,42,2,NA,FE006,AP004,5,19,37,0,-99,-99,-99,1st fert. 2nd application,73,76,76
Kisumu,Seme,34.525,-0.175,0,1,NA,FE006,AP004,5,26,49,0,-99,-99,-99,2nd fert. 1st application,73,76,76
Kisumu,Seme,34.525,-0.175,42,2,NA,FE006,AP004,5,26,49,0,-99,-99,-99,2nd fert. 2nd application,73,76,76
Kisumu,Seme,34.525,-0.175,0,1,NA,FE006,AP004,5,19,37,0,-99,-99,-99,3rd fert. 1st application,73,76,76
Kisumu,Seme,34.525,-0.175,42,2,NA,FE006,AP004,5,32,62,0,-99,-99,-99,3rd fert. 2nd application,73,76,76
Kisumu,Seme,34.575,-0.175,0,1,NA,FE006,AP004,5,37,51,0,-99,-99,-99,1st fert. 1st application,66,69,80
Kisumu,Seme,34.575,-0.175,42,2,NA,FE006,AP004,5,22,31,0,-99,-99,-99,1st fert. 2nd application,66,69,80
Kisumu,Seme,34.575,-0.175,0,1,NA,FE006,AP004,5,29,41,0,-99,-99,-99,2nd fert. 1st application,66,69,80
Kisumu,Seme,34.575,-0.175,42,2,NA,FE006,AP004,5,29,41,0,-99,-99,-99,2nd fert. 2nd application,66,69,80
Kisumu,Seme,34.575,-0.175,0,1,NA,FE006,AP004,5,22,31,0,-99,-99,-99,3rd fert. 1st application,66,69,80
Kisumu,Seme,34.575,-0.175,42,2,NA,FE006,AP004,5,37,51,0,-99,-99,-99,3rd fert. 2nd application,66,69,80
Kisumu,Kisumu West,34.625,-0.175,0,1,NA,FE006,AP004,5,48,58,0,-99,-99,-99,1st fert. 1st application,60,64,68
Kisumu,Kisumu West,34.625,-0.175,42,2,NA,FE006,AP004,5,29,35,0,-99,-99,-99,1st fert. 2nd application,60,64,68
Kisumu,Kisumu West,34.625,-0.175,0,1,NA,FE006,AP004,5,39,46,0,-99,-99,-99,2nd fert. 1st application,60,64,68
Kisumu,Kisumu West,34.625,-0.175,42,2,NA,FE006,AP004,5,39,46,0,-99,-99,-99,2nd fert. 2nd application,60,64,68
Kisumu,Kisumu West,34.625,-0.175,0,1,NA,FE006,AP004,5,29,35,0,-99,-99,-99,3rd fert. 1st application,60,64,68
Kisumu,Kisumu West,34.625,-0.175,42,2,NA,FE006,AP004,5,48,58,0,-99,-99,-99,3rd fert. 2nd application,60,64,68
Kisumu,Kisumu Central,34.675,-0.175,0,1,NA,FE006,AP004,5,38,66,0,-99,-99,-99,1st fert. 1st application,65,65,77
Kisumu,Kisumu Central,34.675,-0.175,42,2,NA,FE006,AP004,5,23,40,0,-99,-99,-99,1st fert. 2nd application,65,65,77
Kisumu,Kisumu Central,34.675,-0.175,0,1,NA,FE006,AP004,5,31,53,0,-99,-99,-99,2nd fert. 1st application,65,65,77
Kisumu,Kisumu Central,34.675,-0.175,42,2,NA,FE006,AP004,5,31,53,0,-99,-99,-99,2nd fert. 2nd application,65,65,77
Kisumu,Kisumu Central,34.675,-0.175,0,1,NA,FE006,AP004,5,23,40,0,-99,-99,-99,3rd fert. 1st application,65,65,77
Kisumu,Kisumu Central,34.675,-0.175,42,2,NA,FE006,AP004,5,38,66,0,-99,-99,-99,3rd fert. 2nd application,65,65,77
Kisumu,Kisumu East,34.725,-0.175,0,1,NA,FE006,AP004,5,68,64,0,-99,-99,-99,1st fert. 1st application,62,65,75
Kisumu,Kisumu East,34.725,-0.175,42,2,NA,FE006,AP004,5,41,39,0,-99,-99,-99,1st fert. 2nd application,62,65,75
Kisumu,Kisumu East,34.725,-0.175,0,1,NA,FE006,AP004,5,54,51,0,-99,-99,-99,2nd fert. 1st application,62,65,75
Kisumu,Kisumu East,34.725,-0.175,42,2,NA,FE006,AP004,5,54,51,0,-99,-99,-99,2nd fert. 2nd application,62,65,75
Kisumu,Kisumu East,34.725,-0.175,0,1,NA,FE006,AP004,5,41,39,0,-99,-99,-99,3rd fert. 1st application,62,65,75
Kisumu,Kisumu East,34.725,-0.175,42,2,NA,FE006,AP004,5,68,64,0,-99,-99,-99,3rd fert. 2nd application,62,65,75
Kisumu,Kisumu East,34.775,-0.175,0,1,NA,FE006,AP004,5,27,74,0,-99,-99,-99,1st fert. 1st application,68,70,77
Kisumu,Kisumu East,34.775,-0.175,42,2,NA,FE006,AP004,5,16,44,0,-99,-99,-99,1st fert. 2nd application,68,70,77
Kisumu,Kisumu East,34.775,-0.175,0,1,NA,FE006,AP004,5,22,59,0,-99,-99,-99,2nd fert. 1st application,68,70,77
Kisumu,Kisumu East,34.775,-0.175,42,2,NA,FE006,AP004,5,22,59,0,-99,-99,-99,2nd fert. 2nd application,68,70,77
Kisumu,Kisumu East,34.775,-0.175,0,1,NA,FE006,AP004,5,16,44,0,-99,-99,-99,3rd fert. 1st application,68,70,77
Kisumu,Kisumu East,34.775,-0.175,42,2,NA,FE006,AP004,5,27,74,0,-99,-99,-99,3rd fert. 2nd application,68,70,77
Kisumu,Nyando,34.825,-0.175,0,1,NA,FE006,AP004,5,47,47,0,-99,-99,-99,1st fert. 1st application,62,65,68
Kisumu,Nyando,34.825,-0.175,42,2,NA,FE006,AP004,5,28,28,0,-99,-99,-99,1st fert. 2nd application,62,65,68
Kisumu,Nyando,34.825,-0.175,0,1,NA,FE006,AP004,5,38,38,0,-99,-99,-99,2nd fert. 1st application,62,65,68
Kisumu,Nyando,34.825,-0.175,42,2,NA,FE006,AP004,5,38,38,0,-99,-99,-99,2nd fert. 2nd application,62,65,68
Kisumu,Nyando,34.825,-0.175,0,1,NA,FE006,AP004,5,28,28,0,-99,-99,-99,3rd fert. 1st application,62,65,68
Kisumu,Nyando,34.825,-0.175,42,2,NA,FE006,AP004,5,47,47,0,-99,-99,-99,3rd fert. 2nd application,62,65,68
Kisumu,Nyando,34.875,-0.175,0,1,NA,FE006,AP004,5,65,41,0,-99,-99,-99,1st fert. 1st application,64,69,71
Kisumu,Nyando,34.875,-0.175,42,2,NA,FE006,AP004,5,39,24,0,-99,-99,-99,1st fert. 2nd application,64,69,71
Kisumu,Nyando,34.875,-0.175,0,1,NA,FE006,AP004,5,52,32,0,-99,-99,-99,2nd fert. 1st application,64,69,71
Kisumu,Nyando,34.875,-0.175,42,2,NA,FE006,AP004,5,52,32,0,-99,-99,-99,2nd fert. 2nd application,64,69,71
Kisumu,Nyando,34.875,-0.175,0,1,NA,FE006,AP004,5,39,24,0,-99,-99,-99,3rd fert. 1st application,64,69,71
Kisumu,Nyando,34.875,-0.175,42,2,NA,FE006,AP004,5,65,41,0,-99,-99,-99,3rd fert. 2nd application,64,69,71
Kisumu,Nyando,34.925,-0.175,0,1,NA,FE006,AP004,5,31,45,0,-99,-99,-99,1st fert. 1st application,64,67,70
Kisumu,Nyando,34.925,-0.175,42,2,NA,FE006,AP004,5,19,27,0,-99,-99,-99,1st fert. 2nd application,64,67,70
Kisumu,Nyando,34.925,-0.175,0,1,NA,FE006,AP004,5,25,36,0,-99,-99,-99,2nd fert. 1st application,64,67,70
Kisumu,Nyando,34.925,-0.175,42,2,NA,FE006,AP004,5,25,36,0,-99,-99,-99,2nd fert. 2nd application,64,67,70
Kisumu,Nyando,34.925,-0.175,0,1,NA,FE006,AP004,5,19,27,0,-99,-99,-99,3rd fert. 1st application,64,67,70
Kisumu,Nyando,34.925,-0.175,42,2,NA,FE006,AP004,5,31,45,0,-99,-99,-99,3rd fert. 2nd application,64,67,70
Kisumu,Nyando,34.975,-0.175,0,1,NA,FE006,AP004,5,53,26,0,-99,-99,-99,1st fert. 1st application,67,67,73
Kisumu,Nyando,34.975,-0.175,42,2,NA,FE006,AP004,5,32,15,0,-99,-99,-99,1st fert. 2nd application,67,67,73
Kisumu,Nyando,34.975,-0.175,0,1,NA,FE006,AP004,5,42,20,0,-99,-99,-99,2nd fert. 1st application,67,67,73
Kisumu,Nyando,34.975,-0.175,42,2,NA,FE006,AP004,5,42,20,0,-99,-99,-99,2nd fert. 2nd application,67,67,73
Kisumu,Nyando,34.975,-0.175,0,1,NA,FE006,AP004,5,32,15,0,-99,-99,-99,3rd fert. 1st application,67,67,73
Kisumu,Nyando,34.975,-0.175,42,2,NA,FE006,AP004,5,53,26,0,-99,-99,-99,3rd fert. 2nd application,67,67,73
Kisumu,Nyando,35.025,-0.175,0,1,NA,FE006,AP004,5,35,34,0,-99,-99,-99,1st fert. 1st application,64,71,75
Kisumu,Nyando,35.025,-0.175,42,2,NA,FE006,AP004,5,21,21,0,-99,-99,-99,1st fert. 2nd application,64,71,75
Kisumu,Nyando,35.025,-0.175,0,1,NA,FE006,AP004,5,28,27,0,-99,-99,-99,2nd fert. 1st application,64,71,75
Kisumu,Nyando,35.025,-0.175,42,2,NA,FE006,AP004,5,28,27,0,-99,-99,-99,2nd fert. 2nd application,64,71,75
Kisumu,Nyando,35.025,-0.175,0,1,NA,FE006,AP004,5,21,21,0,-99,-99,-99,3rd fert. 1st application,64,71,75
Kisumu,Nyando,35.025,-0.175,42,2,NA,FE006,AP004,5,35,34,0,-99,-99,-99,3rd fert. 2nd application,64,71,75
Kisumu,Nyando,35.075,-0.175,0,1,NA,FE006,AP004,5,31,67,0,-99,-99,-99,1st fert. 1st application,65,68,73
Kisumu,Nyando,35.075,-0.175,42,2,NA,FE006,AP004,5,19,40,0,-99,-99,-99,1st fert. 2nd application,65,68,73
Kisumu,Nyando,35.075,-0.175,0,1,NA,FE006,AP004,5,25,54,0,-99,-99,-99,2nd fert. 1st application,65,68,73
Kisumu,Nyando,35.075,-0.175,42,2,NA,FE006,AP004,5,25,54,0,-99,-99,-99,2nd fert. 2nd application,65,68,73
Kisumu,Nyando,35.075,-0.175,0,1,NA,FE006,AP004,5,19,40,0,-99,-99,-99,3rd fert. 1st application,65,68,73
Kisumu,Nyando,35.075,-0.175,42,2,NA,FE006,AP004,5,31,67,0,-99,-99,-99,3rd fert. 2nd application,65,68,73
Kisumu,Muhoroni,35.225,-0.175,0,1,NA,FE006,AP004,5,63,37,0,-99,-99,-99,1st fert. 1st application,64,75,77
Kisumu,Muhoroni,35.225,-0.175,42,2,NA,FE006,AP004,5,38,22,0,-99,-99,-99,1st fert. 2nd application,64,75,77
Kisumu,Muhoroni,35.225,-0.175,0,1,NA,FE006,AP004,5,50,29,0,-99,-99,-99,2nd fert. 1st application,64,75,77
Kisumu,Muhoroni,35.225,-0.175,42,2,NA,FE006,AP004,5,50,29,0,-99,-99,-99,2nd fert. 2nd application,64,75,77
Kisumu,Muhoroni,35.225,-0.175,0,1,NA,FE006,AP004,5,38,22,0,-99,-99,-99,3rd fert. 1st application,64,75,77
Kisumu,Muhoroni,35.225,-0.175,42,2,NA,FE006,AP004,5,63,37,0,-99,-99,-99,3rd fert. 2nd application,64,75,77
Kisumu,Muhoroni,35.275,-0.175,0,1,NA,FE006,AP004,5,70,37,0,-99,-99,-99,1st fert. 1st application,67,72,73
Kisumu,Muhoroni,35.275,-0.175,42,2,NA,FE006,AP004,5,42,22,0,-99,-99,-99,1st fert. 2nd application,67,72,73
Kisumu,Muhoroni,35.275,-0.175,0,1,NA,FE006,AP004,5,56,30,0,-99,-99,-99,2nd fert. 1st application,67,72,73
Kisumu,Muhoroni,35.275,-0.175,42,2,NA,FE006,AP004,5,56,30,0,-99,-99,-99,2nd fert. 2nd application,67,72,73
Kisumu,Muhoroni,35.275,-0.175,0,1,NA,FE006,AP004,5,42,22,0,-99,-99,-99,3rd fert. 1st application,67,72,73
Kisumu,Muhoroni,35.275,-0.175,42,2,NA,FE006,AP004,5,70,37,0,-99,-99,-99,3rd fert. 2nd application,67,72,73
Kisumu,Muhoroni,35.325,-0.175,0,1,NA,FE006,AP004,5,44,29,0,-99,-99,-99,1st fert. 1st application,71,72,77
Kisumu,Muhoroni,35.325,-0.175,42,2,NA,FE006,AP004,5,26,17,0,-99,-99,-99,1st fert. 2nd application,71,72,77
Kisumu,Muhoroni,35.325,-0.175,0,1,NA,FE006,AP004,5,35,23,0,-99,-99,-99,2nd fert. 1st application,71,72,77
Kisumu,Muhoroni,35.325,-0.175,42,2,NA,FE006,AP004,5,35,23,0,-99,-99,-99,2nd fert. 2nd application,71,72,77
Kisumu,Muhoroni,35.325,-0.175,0,1,NA,FE006,AP004,5,26,17,0,-99,-99,-99,3rd fert. 1st application,71,72,77
Kisumu,Muhoroni,35.325,-0.175,42,2,NA,FE006,AP004,5,44,29,0,-99,-99,-99,3rd fert. 2nd application,71,72,77
Kisumu,Seme,34.525,-0.025,0,1,NA,FE006,AP004,5,58,37,0,-99,-99,-99,1st fert. 1st application,66,74,77
Kisumu,Seme,34.525,-0.025,42,2,NA,FE006,AP004,5,35,22,0,-99,-99,-99,1st fert. 2nd application,66,74,77
Kisumu,Seme,34.525,-0.025,0,1,NA,FE006,AP004,5,47,30,0,-99,-99,-99,2nd fert. 1st application,66,74,77
Kisumu,Seme,34.525,-0.025,42,2,NA,FE006,AP004,5,47,30,0,-99,-99,-99,2nd fert. 2nd application,66,74,77
Kisumu,Seme,34.525,-0.025,0,1,NA,FE006,AP004,5,35,22,0,-99,-99,-99,3rd fert. 1st application,66,74,77
Kisumu,Seme,34.525,-0.025,42,2,NA,FE006,AP004,5,58,37,0,-99,-99,-99,3rd fert. 2nd application,66,74,77
Kisumu,Kisumu West,34.625,-0.025,0,1,NA,FE006,AP004,5,30,62,0,-99,-99,-99,1st fert. 1st application,65,70,72
Kisumu,Kisumu West,34.625,-0.025,42,2,NA,FE006,AP004,5,18,37,0,-99,-99,-99,1st fert. 2nd application,65,70,72
Kisumu,Kisumu West,34.625,-0.025,0,1,NA,FE006,AP004,5,24,49,0,-99,-99,-99,2nd fert. 1st application,65,70,72
Kisumu,Kisumu West,34.625,-0.025,42,2,NA,FE006,AP004,5,24,49,0,-99,-99,-99,2nd fert. 2nd application,65,70,72
Kisumu,Kisumu West,34.625,-0.025,0,1,NA,FE006,AP004,5,18,37,0,-99,-99,-99,3rd fert. 1st application,65,70,72
Kisumu,Kisumu West,34.625,-0.025,42,2,NA,FE006,AP004,5,30,62,0,-99,-99,-99,3rd fert. 2nd application,65,70,72
Kisumu,Kisumu West,34.675,-0.025,0,1,NA,FE006,AP004,5,44,67,0,-99,-99,-99,1st fert. 1st application,65,71,78
Kisumu,Kisumu West,34.675,-0.025,42,2,NA,FE006,AP004,5,27,40,0,-99,-99,-99,1st fert. 2nd application,65,71,78
Kisumu,Kisumu West,34.675,-0.025,0,1,NA,FE006,AP004,5,35,54,0,-99,-99,-99,2nd fert. 1st application,65,71,78
Kisumu,Kisumu West,34.675,-0.025,42,2,NA,FE006,AP004,5,35,54,0,-99,-99,-99,2nd fert. 2nd application,65,71,78
Kisumu,Kisumu West,34.675,-0.025,0,1,NA,FE006,AP004,5,27,40,0,-99,-99,-99,3rd fert. 1st application,65,71,78
Kisumu,Kisumu West,34.675,-0.025,42,2,NA,FE006,AP004,5,44,67,0,-99,-99,-99,3rd fert. 2nd application,65,71,78
Kisumu,Kisumu West,34.725,-0.025,0,1,NA,FE006,AP004,5,39,50,0,-99,-99,-99,1st fert. 1st application,65,66,78
Kisumu,Kisumu West,34.725,-0.025,42,2,NA,FE006,AP004,5,23,30,0,-99,-99,-99,1st fert. 2nd application,65,66,78
Kisumu,Kisumu West,34.725,-0.025,0,1,NA,FE006,AP004,5,31,40,0,-99,-99,-99,2nd fert. 1st application,65,66,78
Kisumu,Kisumu West,34.725,-0.025,42,2,NA,FE006,AP004,5,31,40,0,-99,-99,-99,2nd fert. 2nd application,65,66,78
Kisumu,Kisumu West,34.725,-0.025,0,1,NA,FE006,AP004,5,23,30,0,-99,-99,-99,3rd fert. 1st application,65,66,78
Kisumu,Kisumu West,34.725,-0.025,42,2,NA,FE006,AP004,5,39,50,0,-99,-99,-99,3rd fert. 2nd application,65,66,78
Kisumu,Kisumu East,34.775,-0.025,0,1,NA,FE006,AP004,5,66,44,0,-99,-99,-99,1st fert. 1st application,72,79,80
Kisumu,Kisumu East,34.775,-0.025,42,2,NA,FE006,AP004,5,39,27,0,-99,-99,-99,1st fert. 2nd application,72,79,80
Kisumu,Kisumu East,34.775,-0.025,0,1,NA,FE006,AP004,5,53,36,0,-99,-99,-99,2nd fert. 1st application,72,79,80
Kisumu,Kisumu East,34.775,-0.025,42,2,NA,FE006,AP004,5,53,36,0,-99,-99,-99,2nd fert. 2nd application,72,79,80
Kisumu,Kisumu East,34.775,-0.025,0,1,NA,FE006,AP004,5,39,27,0,-99,-99,-99,3rd fert. 1st application,72,79,80
Kisumu,Kisumu East,34.775,-0.025,42,2,NA,FE006,AP004,5,66,44,0,-99,-99,-99,3rd fert. 2nd application,72,79,80
Kisumu,Muhoroni,34.825,-0.025,0,1,NA,FE006,AP004,5,47,37,0,-99,-99,-99,1st fert. 1st application,68,69,73
Kisumu,Muhoroni,34.825,-0.025,42,2,NA,FE006,AP004,5,28,22,0,-99,-99,-99,1st fert. 2nd application,68,69,73
Kisumu,Muhoroni,34.825,-0.025,0,1,NA,FE006,AP004,5,38,30,0,-99,-99,-99,2nd fert. 1st application,68,69,73
Kisumu,Muhoroni,34.825,-0.025,42,2,NA,FE006,AP004,5,38,30,0,-99,-99,-99,2nd fert. 2nd application,68,69,73
Kisumu,Muhoroni,34.825,-0.025,0,1,NA,FE006,AP004,5,28,22,0,-99,-99,-99,3rd fert. 1st application,68,69,73
Kisumu,Muhoroni,34.825,-0.025,42,2,NA,FE006,AP004,5,47,37,0,-99,-99,-99,3rd fert. 2nd application,68,69,73
Kisumu,Muhoroni,34.875,-0.025,0,1,NA,FE006,AP004,5,66,31,0,-99,-99,-99,1st fert. 1st application,63,65,71
Kisumu,Muhoroni,34.875,-0.025,42,2,NA,FE006,AP004,5,39,18,0,-99,-99,-99,1st fert. 2nd application,63,65,71
Kisumu,Muhoroni,34.875,-0.025,0,1,NA,FE006,AP004,5,52,24,0,-99,-99,-99,2nd fert. 1st application,63,65,71
Kisumu,Muhoroni,34.875,-0.025,42,2,NA,FE006,AP004,5,52,24,0,-99,-99,-99,2nd fert. 2nd application,63,65,71
Kisumu,Muhoroni,34.875,-0.025,0,1,NA,FE006,AP004,5,39,18,0,-99,-99,-99,3rd fert. 1st application,63,65,71
Kisumu,Muhoroni,34.875,-0.025,42,2,NA,FE006,AP004,5,66,31,0,-99,-99,-99,3rd fert. 2nd application,63,65,71
Kisumu,Muhoroni,34.975,-0.025,0,1,NA,FE006,AP004,5,66,44,0,-99,-99,-99,1st fert. 1st application,70,72,79
Kisumu,Muhoroni,34.975,-0.025,42,2,NA,FE006,AP004,5,39,27,0,-99,-99,-99,1st fert. 2nd application,70,72,79
Kisumu,Muhoroni,34.975,-0.025,0,1,NA,FE006,AP004,5,52,36,0,-99,-99,-99,2nd fert. 1st application,70,72,79
Kisumu,Muhoroni,34.975,-0.025,42,2,NA,FE006,AP004,5,52,36,0,-99,-99,-99,2nd fert. 2nd application,70,72,79
Kisumu,Muhoroni,34.975,-0.025,0,1,NA,FE006,AP004,5,39,27,0,-99,-99,-99,3rd fert. 1st application,70,72,79
Kisumu,Muhoroni,34.975,-0.025,42,2,NA,FE006,AP004,5,66,44,0,-99,-99,-99,3rd fert. 2nd application,70,72,79
Kisumu,Muhoroni,35.125,-0.025,0,1,NA,FE006,AP004,5,65,54,0,-99,-99,-99,1st fert. 1st application,67,68,78
Kisumu,Muhoroni,35.125,-0.025,42,2,NA,FE006,AP004,5,39,32,0,-99,-99,-99,1st fert. 2nd application,67,68,78
Kisumu,Muhoroni,35.125,-0.025,0,1,NA,FE006,AP004,5,52,43,0,-99,-99,-99,2nd fert. 1st application,67,68,78
Kisumu,Muhoroni,35.125,-0.025,42,2,NA,FE006,AP004,5,52,43,0,-99,-99,-99,2nd fert. 2nd application,67,68,78
Kisumu,Muhoroni,35.125,-0.025,0,1,NA,FE006,AP004,5,39,32,0,-99,-99,-99,3rd fert. 1st application,67,68,78
Kisumu,Muhoroni,35.125,-0.025,42,2,NA,FE006,AP004,5,65,54,0,-99,-99,-99,3rd fert. 2nd application,67,68,78
Kisumu,Muhoroni,35.175,-0.025,0,1,NA,FE006,AP004,5,47,36,0,-99,-99,-99,1st fert. 1st application,63,63,66
Kisumu,Muhoroni,35.175,-0.025,42,2,NA,FE006,AP004,5,28,22,0,-99,-99,-99,1st fert. 2nd application,63,63,66
Kisumu,Muhoroni,35.175,-0.025,0,1,NA,FE006,AP004,5,38,29,0,-99,-99,-99,2nd fert. 1st application,63,63,66
Kisumu,Muhoroni,35.175,-0.025,42,2,NA,FE006,AP004,5,38,29,0,-99,-99,-99,2nd fert. 2nd application,63,63,66
Kisumu,Muhoroni,35.175,-0.025,0,1,NA,FE006,AP004,5,28,22,0,-99,-99,-99,3rd fert. 1st application,63,63,66
Kisumu,Muhoroni,35.175,-0.025,42,2,NA,FE006,AP004,5,47,36,0,-99,-99,-99,3rd fert. 2nd application,63,63,66
Kisumu,Seme,34.425,-0.075,0,1,NA,FE006,AP004,5,63,47,0,-99,-99,-99,1st fert. 1st application,64,65,70
Kisumu,Seme,34.425,-0.075,42,2,NA,FE006,AP004,5,38,28,0,-99,-99,-99,1st fert. 2nd application,64,65,70
Kisumu,Seme,34.425,-0.075,0,1,NA,FE006,AP004,5,50,38,0,-99,-99,-99,2nd fert. 1st application,64,65,70
Kisumu,Seme,34.425,-0.075,42,2,NA,FE006,AP004,5,50,38,0,-99,-99,-99,2nd fert. 2nd application,64,65,70
Kisumu,Seme,34.425,-0.075,0,1,NA,FE006,AP004,5,38,28,0,-99,-99,-99,3rd fert. 1st application,64,65,70
Kisumu,Seme,34.425,-0.075,42,2,NA,FE006,AP004,5,63,47,0,-99,-99,-99,3rd fert. 2nd application,64,65,70
Kisumu,Seme,34.475,-0.075,0,1,NA,FE006,AP004,5,56,36,0,-99,-99,-99,1st fert. 1st application,61,73,74
Kisumu,Seme,34.475,-0.075,42,2,NA,FE006,AP004,5,34,22,0,-99,-99,-99,1st fert. 2nd application,61,73,74
Kisumu,Seme,34.475,-0.075,0,1,NA,FE006,AP004,5,45,29,0,-99,-99,-99,2nd fert. 1st application,61,73,74
Kisumu,Seme,34.475,-0.075,42,2,NA,FE006,AP004,5,45,29,0,-99,-99,-99,2nd fert. 2nd application,61,73,74
Kisumu,Seme,34.475,-0.075,0,1,NA,FE006,AP004,5,34,22,0,-99,-99,-99,3rd fert. 1st application,61,73,74
Kisumu,Seme,34.475,-0.075,42,2,NA,FE006,AP004,5,56,36,0,-99,-99,-99,3rd fert. 2nd application,61,73,74
Kisumu,Seme,34.525,-0.075,0,1,NA,FE006,AP004,5,61,50,0,-99,-99,-99,1st fert. 1st application,67,68,76
Kisumu,Seme,34.525,-0.075,42,2,NA,FE006,AP004,5,36,30,0,-99,-99,-99,1st fert. 2nd application,67,68,76
Kisumu,Seme,34.525,-0.075,0,1,NA,FE006,AP004,5,48,40,0,-99,-99,-99,2nd fert. 1st application,67,68,76
Kisumu,Seme,34.525,-0.075,42,2,NA,FE006,AP004,5,48,40,0,-99,-99,-99,2nd fert. 2nd application,67,68,76
Kisumu,Seme,34.525,-0.075,0,1,NA,FE006,AP004,5,36,30,0,-99,-99,-99,3rd fert. 1st application,67,68,76
Kisumu,Seme,34.525,-0.075,42,2,NA,FE006,AP004,5,61,50,0,-99,-99,-99,3rd fert. 2nd application,67,68,76
Kisumu,Seme,34.575,-0.075,0,1,NA,FE006,AP004,5,25,43,0,-99,-99,-99,1st fert. 1st application,66,78,79
Kisumu,Seme,34.575,-0.075,42,2,NA,FE006,AP004,5,15,26,0,-99,-99,-99,1st fert. 2nd application,66,78,79
Kisumu,Seme,34.575,-0.075,0,1,NA,FE006,AP004,5,20,34,0,-99,-99,-99,2nd fert. 1st application,66,78,79
Kisumu,Seme,34.575,-0.075,42,2,NA,FE006,AP004,5,20,34,0,-99,-99,-99,2nd fert. 2nd application,66,78,79
Kisumu,Seme,34.575,-0.075,0,1,NA,FE006,AP004,5,15,26,0,-99,-99,-99,3rd fert. 1st application,66,78,79
Kisumu,Seme,34.575,-0.075,42,2,NA,FE006,AP004,5,25,43,0,-99,-99,-99,3rd fert. 2nd application,66,78,79
Kisumu,Kisumu West,34.625,-0.075,0,1,NA,FE006,AP004,5,49,57,0,-99,-99,-99,1st fert. 1st application,61,74,75
Kisumu,Kisumu West,34.625,-0.075,42,2,NA,FE006,AP004,5,29,34,0,-99,-99,-99,1st fert. 2nd application,61,74,75
Kisumu,Kisumu West,34.625,-0.075,0,1,NA,FE006,AP004,5,39,46,0,-99,-99,-99,2nd fert. 1st application,61,74,75
Kisumu,Kisumu West,34.625,-0.075,42,2,NA,FE006,AP004,5,39,46,0,-99,-99,-99,2nd fert. 2nd application,61,74,75
Kisumu,Kisumu West,34.625,-0.075,0,1,NA,FE006,AP004,5,29,34,0,-99,-99,-99,3rd fert. 1st application,61,74,75
Kisumu,Kisumu West,34.625,-0.075,42,2,NA,FE006,AP004,5,49,57,0,-99,-99,-99,3rd fert. 2nd application,61,74,75
Kisumu,Kisumu West,34.675,-0.075,0,1,NA,FE006,AP004,5,36,44,0,-99,-99,-99,1st fert. 1st application,68,70,71
Kisumu,Kisumu West,34.675,-0.075,42,2,NA,FE006,AP004,5,22,26,0,-99,-99,-99,1st fert. 2nd application,68,70,71
Kisumu,Kisumu West,34.675,-0.075,0,1,NA,FE006,AP004,5,29,35,0,-99,-99,-99,2nd fert. 1st application,68,70,71
Kisumu,Kisumu West,34.675,-0.075,42,2,NA,FE006,AP004,5,29,35,0,-99,-99,-99,2nd fert. 2nd application,68,70,71
Kisumu,Kisumu West,34.675,-0.075,0,1,NA,FE006,AP004,5,22,26,0,-99,-99,-99,3rd fert. 1st application,68,70,71
Kisumu,Kisumu West,34.675,-0.075,42,2,NA,FE006,AP004,5,36,44,0,-99,-99,-99,3rd fert. 2nd application,68,70,71
Kisumu,Kisumu Central,34.725,-0.075,0,1,NA,FE006,AP004,5,44,43,0,-99,-99,-99,1st fert. 1st application,72,74,78
Kisumu,Kisumu Central,34.725,-0.075,42,2,NA,FE006,AP004,5,26,26,0,-99,-99,-99,1st fert. 2nd application,72,74,78
Kisumu,Kisumu Central,34.725,-0.075,0,1,NA,FE006,AP004,5,35,34,0,-99,-99,-99,2nd fert. 1st application,72,74,78
Kisumu,Kisumu Central,34.725,-0.075,42,2,NA,FE006,AP004,5,35,34,0,-99,-99,-99,2nd fert. 2nd application,72,74,78
Kisumu,Kisumu Central,34.725,-0.075,0,1,NA,FE006,AP004,5,26,26,0,-99,-99,-99,3rd fert. 1st application,72,74,78
Kisumu,Kisumu Central,34.725,-0.075,42,2,NA,FE006,AP004,5,44,43,0,-99,-99,-99,3rd fert. 2nd application,72,74,78
Kisumu,Kisumu Central,34.775,-0.075,0,1,NA,FE006,AP004,5,56,52,0,-99,-99,-99,1st fert. 1st application,61,69,71
Kisumu,Kisumu Central,34.775,-0.075,42,2,NA,FE006,AP004,5,33,31,0,-99,-99,-99,1st fert. 2nd application,61,69,71
Kisumu,Kisumu Central,34.775,-0.075,0,1,NA,FE006,AP004,5,45,41,0,-99,-99,-99,2nd fert. 1st application,61,69,71
Kisumu,Kisumu Central,34.775,-0.075,42,2,NA,FE006,AP004,5,45,41,0,-99,-99,-99,2nd fert. 2nd application,61,69,71
Kisumu,Kisumu Central,34.775,-0.075,0,1,NA,FE006,AP004,5,33,31,0,-99,-99,-99,3rd fert. 1st application,61,69,71
Kisumu,Kisumu Central,34.775,-0.075,42,2,NA,FE006,AP004,5,56,52,0,-99,-99,-99,3rd fert. 2nd application,61,69,71
Kisumu,Kisumu East,34.825,-0.075,0,1,NA,FE006,AP004,5,43,62,0,-99,-99,-99,1st fert. 1st application,64,65,68
Kisumu,Kisumu East,34.825,-0.075,42,2,NA,FE006,AP004,5,26,37,0,-99,-99,-99,1st fert. 2nd application,64,65,68
Kisumu,Kisumu East,34.825,-0.075,0,1,NA,FE006,AP004,5,34,50,0,-99,-99,-99,2nd fert. 1st application,64,65,68
Kisumu,Kisumu East,34.825,-0.075,42,2,NA,FE006,AP004,5,34,50,0,-99,-99,-99,2nd fert. 2nd application,64,65,68
Kisumu,Kisumu East,34.825,-0.075,0,1,NA,FE006,AP004,5,26,37,0,-99,-99,-99,3rd fert. 1st application,64,65,68
Kisumu,Kisumu East,34.825,-0.075,42,2,NA,FE006,AP004,5,43,62,0,-99,-99,-99,3rd fert. 2nd application,64,65,68
Kisumu,Kisumu East,34.875,-0.075,0,1,NA,FE006,AP004,5,31,36,0,-99,-99,-99,1st fert. 1st application,63,76,77
Kisumu,Kisumu East,34.875,-0.075,42,2,NA,FE006,AP004,5,18,22,0,-99,-99,-99,1st fert. 2nd application,63,76,77
Kisumu,Kisumu East,34.875,-0.075,0,1,NA,FE006,AP004,5,24,29,0,-99,-99,-99,2nd fert. 1st application,63,76,77
Kisumu,Kisumu East,34.875,-0.075,42,2,NA,FE006,AP004,5,24,29,0,-99,-99,-99,2nd fert. 2nd application,63,76,77
Kisumu,Kisumu East,34.875,-0.075,0,1,NA,FE006,AP004,5,18,22,0,-99,-99,-99,3rd fert. 1st application,63,76,77
Kisumu,Kisumu East,34.875,-0.075,42,2,NA,FE006,AP004,5,31,36,0,-99,-99,-99,3rd fert. 2nd application,63,76,77
Kisumu,Muhoroni,34.925,-0.075,0,1,NA,FE006,AP004,5,37,46,0,-99,-99,-99,1st fert. 1st application,63,71,73
Kisumu,Muhoroni,34.925,-0.075,42,2,NA,FE006,AP004,5,22,27,0,-99,-99,-99,1st fert. 2nd application,63,71,73
Kisumu,Muhoroni,34.925,-0.075,0,1,NA,FE006,AP004,5,30,37,0,-99,-99,-99,2nd fert. 1st application,63,71,73
Kisumu,Muhoroni,34.925,-0.075,42,2,NA,FE006,AP004,5,30,37,0,-99,-99,-99,2nd fert. 2nd application,63,71,73
Kisumu,Muhoroni,34.925,-0.075,0,1,NA,FE006,AP004,5,22,27,0,-99,-99,-99,3rd fert. 1st application,63,71,73
Kisumu,Muhoroni,34.925,-0.075,42,2,NA,FE006,AP004,5,37,46,0,-99,-99,-99,3rd fert. 2nd application,63,71,73
Kisumu,Muhoroni,34.975,-0.075,0,1,NA,FE006,AP004,5,58,38,0,-99,-99,-99,1st fert. 1st application,66,73,74
Kisumu,Muhoroni,34.975,-0.075,42,2,NA,FE006,AP004,5,35,23,0,-99,-99,-99,1st fert. 2nd application,66,73,74
Kisumu,Muhoroni,34.975,-0.075,0,1,NA,FE006,AP004,5,47,31,0,-99,-99,-99,2nd fert. 1st application,66,73,74
Kisumu,Muhoroni,34.975,-0.075,42,2,NA,FE006,AP004,5,47,31,0,-99,-99,-99,2nd fert. 2nd application,66,73,74
Kisumu,Muhoroni,34.975,-0.075,0,1,NA,FE006,AP004,5,35,23,0,-99,-99,-99,3rd fert. 1st application,66,73,74
Kisumu,Muhoroni,34.975,-0.075,42,2,NA,FE006,AP004,5,58,38,0,-99,-99,-99,3rd fert. 2nd application,66,73,74
Kisumu,Muhoroni,35.025,-0.075,0,1,NA,FE006,AP004,5,46,56,0,-99,-99,-99,1st fert. 1st application,68,79,79
Kisumu,Muhoroni,35.025,-0.075,42,2,NA,FE006,AP004,5,28,34,0,-99,-99,-99,1st fert. 2nd application,68,79,79
Kisumu,Muhoroni,35.025,-0.075,0,1,NA,FE006,AP004,5,37,45,0,-99,-99,-99,2nd fert. 1st application,68,79,79
Kisumu,Muhoroni,35.025,-0.075,42,2,NA,FE006,AP004,5,37,45,0,-99,-99,-99,2nd fert. 2nd application,68,79,79
Kisumu,Muhoroni,35.025,-0.075,0,1,NA,FE006,AP004,5,28,34,0,-99,-99,-99,3rd fert. 1st application,68,79,79
Kisumu,Muhoroni,35.025,-0.075,42,2,NA,FE006,AP004,5,46,56,0,-99,-99,-99,3rd fert. 2nd application,68,79,79
Kisumu,Muhoroni,35.075,-0.075,0,1,NA,FE006,AP004,5,64,34,0,-99,-99,-99,1st fert. 1st application,64,65,75
Kisumu,Muhoroni,35.075,-0.075,42,2,NA,FE006,AP004,5,39,21,0,-99,-99,-99,1st fert. 2nd application,64,65,75
Kisumu,Muhoroni,35.075,-0.075,0,1,NA,FE006,AP004,5,52,27,0,-99,-99,-99,2nd fert. 1st application,64,65,75
Kisumu,Muhoroni,35.075,-0.075,42,2,NA,FE006,AP004,5,52,27,0,-99,-99,-99,2nd fert. 2nd application,64,65,75
Kisumu,Muhoroni,35.075,-0.075,0,1,NA,FE006,AP004,5,39,21,0,-99,-99,-99,3rd fert. 1st application,64,65,75
Kisumu,Muhoroni,35.075,-0.075,42,2,NA,FE006,AP004,5,64,34,0,-99,-99,-99,3rd fert. 2nd application,64,65,75
Kisumu,Muhoroni,35.125,-0.075,0,1,NA,FE006,AP004,5,30,68,0,-99,-99,-99,1st fert. 1st application,65,71,72
Kisumu,Muhoroni,35.125,-0.075,42,2,NA,FE006,AP004,5,18,41,0,-99,-99,-99,1st fert. 2nd application,65,71,72
Kisumu,Muhoroni,35.125,-0.075,0,1,NA,FE006,AP004,5,24,55,0,-99,-99,-99,2nd fert. 1st application,65,71,72
Kisumu,Muhoroni,35.125,-0.075,42,2,NA,FE006,AP004,5,24,55,0,-99,-99,-99,2nd fert. 2nd application,65,71,72
Kisumu,Muhoroni,35.125,-0.075,0,1,NA,FE006,AP004,5,18,41,0,-99,-99,-99,3rd fert. 1st application,65,71,72
Kisumu,Muhoroni,35.125,-0.075,42,2,NA,FE006,AP004,5,30,68,0,-99,-99,-99,3rd fert. 2nd application,65,71,72
Kisumu,Muhoroni,35.175,-0.075,0,1,NA,FE006,AP004,5,47,62,0,-99,-99,-99,1st fert. 1st application,63,68,76
Kisumu,Muhoroni,35.175,-0.075,42,2,NA,FE006,AP004,5,28,37,0,-99,-99,-99,1st fert. 2nd application,63,68,76
Kisumu,Muhoroni,35.175,-0.075,0,1,NA,FE006,AP004,5,37,50,0,-99,-99,-99,2nd fert. 1st application,63,68,76
Kisumu,Muhoroni,35.175,-0.075,42,2,NA,FE006,AP004,5,37,50,0,-99,-99,-99,2nd fert. 2nd application,63,68,76
Kisumu,Muhoroni,35.175,-0.075,0,1,NA,FE006,AP004,5,28,37,0,-99,-99,-99,3rd fert. 1st application,63,68,76
Kisumu,Muhoroni,35.175,-0.075,42,2,NA,FE006,AP004,5,47,62,0,-99,-99,-99,3rd fert. 2nd application,63,68,76
Kisumu,Muhoroni,35.225,-0.075,0,1,NA,FE006,AP004,5,74,58,0,-99,-99,-99,1st fert. 1st application,69,77,79
Kisumu,Muhoroni,35.225,-0.075,42,2,NA,FE006,AP004,5,45,35,0,-99,-99,-99,1st fert. 2nd application,69,77,79
Kisumu,Muhoroni,35.225,-0.075,0,1,NA,FE006,AP004,5,59,47,0,-99,-99,-99,2nd fert. 1st application,69,77,79
Kisumu,Muhoroni,35.225,-0.075,42,2,NA,FE006,AP004,5,59,47,0,-99,-99,-99,2nd fert. 2nd application,69,77,79
Kisumu,Muhoroni,35.225,-0.075,0,1,NA,FE006,AP004,5,45,35,0,-99,-99,-99,3rd fert. 1st application,69,77,79
Kisumu,Muhoroni,35.225,-0.075,42,2,NA,FE006,AP004,5,74,58,0,-99,-99,-99,3rd fert. 2nd application,69,77,79
Kisumu,Kisumu East,34.825,0.025,0,1,NA,FE006,AP004,5,70,56,0,-99,-99,-99,1st fert. 1st application,73,78,79
Kisumu,Kisumu East,34.825,0.025,42,2,NA,FE006,AP004,5,42,34,0,-99,-99,-99,1st fert. 2nd application,73,78,79
Kisumu,Kisumu East,34.825,0.025,0,1,NA,FE006,AP004,5,56,45,0,-99,-99,-99,2nd fert. 1st application,73,78,79
Kisumu,Kisumu East,34.825,0.025,42,2,NA,FE006,AP004,5,56,45,0,-99,-99,-99,2nd fert. 2nd application,73,78,79
Kisumu,Kisumu East,34.825,0.025,0,1,NA,FE006,AP004,5,42,34,0,-99,-99,-99,3rd fert. 1st application,73,78,79
Kisumu,Kisumu East,34.825,0.025,42,2,NA,FE006,AP004,5,70,56,0,-99,-99,-99,3rd fert. 2nd application,73,78,79
