NAME_1,NAME_2,lon,lat,F.dap,F,FDATE,FMCD,FACD,FDEP,FAMN,FAMP,FAMK,FAMC,FAMO,FOCD,FERNAME,PDAT,INGENO,CNAME
Kisumu,Nyakach,34.825,-0.325,0,1,NA,FE006,AP004,5,39,69,44,-99,-99,-99,1st fert. 1st application,D00085,900001,SHORT_RW
Kisumu,Nyakach,34.825,-0.325,42,2,NA,FE006,AP004,5,24,42,26,-99,-99,-99,1st fert. 2nd application,D00085,900001,SHORT_RW
Kisumu,Nyakach,34.825,-0.325,0,1,NA,FE006,AP004,5,32,55,35,-99,-99,-99,2nd fert. 1st application,D00085,900001,SHORT_RW
Kisumu,Nyakach,34.825,-0.325,42,2,NA,FE006,AP004,5,32,55,35,-99,-99,-99,2nd fert. 2nd application,D00085,900001,SHORT_RW
Kisumu,Nyakach,34.825,-0.325,0,1,NA,FE006,AP004,5,24,42,26,-99,-99,-99,3rd fert. 1st application,D00085,900001,SHORT_RW
Kisumu,Nyakach,34.825,-0.325,42,2,NA,FE006,AP004,5,39,69,44,-99,-99,-99,3rd fert. 2nd application,D00085,900001,SHORT_RW
Kisumu,Nyakach,34.875,-0.325,0,1,NA,FE006,AP004,5,64,34,51,-99,-99,-99,1st fert. 1st application,D00087,900002,MEDIUM_RW 
Kisumu,Nyakach,34.875,-0.325,42,2,NA,FE006,AP004,5,39,20,31,-99,-99,-99,1st fert. 2nd application,D00087,900002,MEDIUM_RW 
Kisumu,Nyakach,34.875,-0.325,0,1,NA,FE006,AP004,5,52,27,41,-99,-99,-99,2nd fert. 1st application,D00087,900002,MEDIUM_RW 
Kisumu,Nyakach,34.875,-0.325,42,2,NA,FE006,AP004,5,52,27,41,-99,-99,-99,2nd fert. 2nd application,D00087,900002,MEDIUM_RW 
Kisumu,Nyakach,34.875,-0.325,0,1,NA,FE006,AP004,5,39,20,31,-99,-99,-99,3rd fert. 1st application,D00087,900002,MEDIUM_RW 
Kisumu,Nyakach,34.875,-0.325,42,2,NA,FE006,AP004,5,64,34,51,-99,-99,-99,3rd fert. 2nd application,D00087,900002,MEDIUM_RW 
Kisumu,Nyakach,34.925,-0.325,0,1,NA,FE006,AP004,5,45,32,69,-99,-99,-99,1st fert. 1st application,D00078,900003,LONG_RW
Kisumu,Nyakach,34.925,-0.325,42,2,NA,FE006,AP004,5,27,19,41,-99,-99,-99,1st fert. 2nd application,D00078,900003,LONG_RW
Kisumu,Nyakach,34.925,-0.325,0,1,NA,FE006,AP004,5,36,25,55,-99,-99,-99,2nd fert. 1st application,D00078,900003,LONG_RW
Kisumu,Nyakach,34.925,-0.325,42,2,NA,FE006,AP004,5,36,25,55,-99,-99,-99,2nd fert. 2nd application,D00078,900003,LONG_RW
Kisumu,Nyakach,34.925,-0.325,0,1,NA,FE006,AP004,5,27,19,41,-99,-99,-99,3rd fert. 1st application,D00078,900003,LONG_RW
Kisumu,Nyakach,34.925,-0.325,42,2,NA,FE006,AP004,5,45,32,69,-99,-99,-99,3rd fert. 2nd application,D00078,900003,LONG_RW
Kisumu,Nyakach,34.975,-0.325,0,1,NA,FE006,AP004,5,69,58,54,-99,-99,-99,1st fert. 1st application,D00092,900001,SHORT_RW
Kisumu,Nyakach,34.975,-0.325,42,2,NA,FE006,AP004,5,41,35,32,-99,-99,-99,1st fert. 2nd application,D00092,900001,SHORT_RW
Kisumu,Nyakach,34.975,-0.325,0,1,NA,FE006,AP004,5,55,46,43,-99,-99,-99,2nd fert. 1st application,D00092,900001,SHORT_RW
Kisumu,Nyakach,34.975,-0.325,42,2,NA,FE006,AP004,5,55,46,43,-99,-99,-99,2nd fert. 2nd application,D00092,900001,SHORT_RW
Kisumu,Nyakach,34.975,-0.325,0,1,NA,FE006,AP004,5,41,35,32,-99,-99,-99,3rd fert. 1st application,D00092,900001,SHORT_RW
Kisumu,Nyakach,34.975,-0.325,42,2,NA,FE006,AP004,5,69,58,54,-99,-99,-99,3rd fert. 2nd application,D00092,900001,SHORT_RW
Kisumu,Nyakach,34.825,-0.375,0,1,NA,FE006,AP004,5,72,42,67,-99,-99,-99,1st fert. 1st application,D00078,900002,MEDIUM_RW 
Kisumu,Nyakach,34.825,-0.375,42,2,NA,FE006,AP004,5,43,25,40,-99,-99,-99,1st fert. 2nd application,D00078,900002,MEDIUM_RW 
Kisumu,Nyakach,34.825,-0.375,0,1,NA,FE006,AP004,5,58,34,54,-99,-99,-99,2nd fert. 1st application,D00078,900002,MEDIUM_RW 
Kisumu,Nyakach,34.825,-0.375,42,2,NA,FE006,AP004,5,58,34,54,-99,-99,-99,2nd fert. 2nd application,D00078,900002,MEDIUM_RW 
Kisumu,Nyakach,34.825,-0.375,0,1,NA,FE006,AP004,5,43,25,40,-99,-99,-99,3rd fert. 1st application,D00078,900002,MEDIUM_RW 
Kisumu,Nyakach,34.825,-0.375,42,2,NA,FE006,AP004,5,72,42,67,-99,-99,-99,3rd fert. 2nd application,D00078,900002,MEDIUM_RW 
Kisumu,Nyakach,34.875,-0.375,0,1,NA,FE006,AP004,5,27,58,41,-99,-99,-99,1st fert. 1st application,D00101,900003,LONG_RW
Kisumu,Nyakach,34.875,-0.375,42,2,NA,FE006,AP004,5,16,35,24,-99,-99,-99,1st fert. 2nd application,D00101,900003,LONG_RW
Kisumu,Nyakach,34.875,-0.375,0,1,NA,FE006,AP004,5,22,46,32,-99,-99,-99,2nd fert. 1st application,D00101,900003,LONG_RW
Kisumu,Nyakach,34.875,-0.375,42,2,NA,FE006,AP004,5,22,46,32,-99,-99,-99,2nd fert. 2nd application,D00101,900003,LONG_RW
Kisumu,Nyakach,34.875,-0.375,0,1,NA,FE006,AP004,5,16,35,24,-99,-99,-99,3rd fert. 1st application,D00101,900003,LONG_RW
Kisumu,Nyakach,34.875,-0.375,42,2,NA,FE006,AP004,5,27,58,41,-99,-99,-99,3rd fert. 2nd application,D00101,900003,LONG_RW
Kisumu,Nyakach,34.925,-0.375,0,1,NA,FE006,AP004,5,51,41,60,-99,-99,-99,1st fert. 1st application,D00079,900001,SHORT_RW
Kisumu,Nyakach,34.925,-0.375,42,2,NA,FE006,AP004,5,31,25,36,-99,-99,-99,1st fert. 2nd application,D00079,900001,SHORT_RW
Kisumu,Nyakach,34.925,-0.375,0,1,NA,FE006,AP004,5,41,33,48,-99,-99,-99,2nd fert. 1st application,D00079,900001,SHORT_RW
Kisumu,Nyakach,34.925,-0.375,42,2,NA,FE006,AP004,5,41,33,48,-99,-99,-99,2nd fert. 2nd application,D00079,900001,SHORT_RW
Kisumu,Nyakach,34.925,-0.375,0,1,NA,FE006,AP004,5,31,25,36,-99,-99,-99,3rd fert. 1st application,D00079,900001,SHORT_RW
Kisumu,Nyakach,34.925,-0.375,42,2,NA,FE006,AP004,5,51,41,60,-99,-99,-99,3rd fert. 2nd application,D00079,900001,SHORT_RW
Kisumu,Nyakach,34.975,-0.375,0,1,NA,FE006,AP004,5,70,34,38,-99,-99,-99,1st fert. 1st application,D00099,900002,MEDIUM_RW 
Kisumu,Nyakach,34.975,-0.375,42,2,NA,FE006,AP004,5,42,21,23,-99,-99,-99,1st fert. 2nd application,D00099,900002,MEDIUM_RW 
Kisumu,Nyakach,34.975,-0.375,0,1,NA,FE006,AP004,5,56,28,31,-99,-99,-99,2nd fert. 1st application,D00099,900002,MEDIUM_RW 
Kisumu,Nyakach,34.975,-0.375,42,2,NA,FE006,AP004,5,56,28,31,-99,-99,-99,2nd fert. 2nd application,D00099,900002,MEDIUM_RW 
Kisumu,Nyakach,34.975,-0.375,0,1,NA,FE006,AP004,5,42,21,23,-99,-99,-99,3rd fert. 1st application,D00099,900002,MEDIUM_RW 
Kisumu,Nyakach,34.975,-0.375,42,2,NA,FE006,AP004,5,70,34,38,-99,-99,-99,3rd fert. 2nd application,D00099,900002,MEDIUM_RW 
Kisumu,Seme,34.475,-0.225,0,1,NA,FE006,AP004,5,53,64,55,-99,-99,-99,1st fert. 1st application,D00093,900003,LONG_RW
Kisumu,Seme,34.475,-0.225,42,2,NA,FE006,AP004,5,32,38,33,-99,-99,-99,1st fert. 2nd application,D00093,900003,LONG_RW
Kisumu,Seme,34.475,-0.225,0,1,NA,FE006,AP004,5,42,51,44,-99,-99,-99,2nd fert. 1st application,D00093,900003,LONG_RW
Kisumu,Seme,34.475,-0.225,42,2,NA,FE006,AP004,5,42,51,44,-99,-99,-99,2nd fert. 2nd application,D00093,900003,LONG_RW
Kisumu,Seme,34.475,-0.225,0,1,NA,FE006,AP004,5,32,38,33,-99,-99,-99,3rd fert. 1st application,D00093,900003,LONG_RW
Kisumu,Seme,34.475,-0.225,42,2,NA,FE006,AP004,5,53,64,55,-99,-99,-99,3rd fert. 2nd application,D00093,900003,LONG_RW
Kisumu,Seme,34.525,-0.225,0,1,NA,FE006,AP004,5,48,30,49,-99,-99,-99,1st fert. 1st application,D00092,900001,SHORT_RW
Kisumu,Seme,34.525,-0.225,42,2,NA,FE006,AP004,5,29,18,29,-99,-99,-99,1st fert. 2nd application,D00092,900001,SHORT_RW
Kisumu,Seme,34.525,-0.225,0,1,NA,FE006,AP004,5,38,24,39,-99,-99,-99,2nd fert. 1st application,D00092,900001,SHORT_RW
Kisumu,Seme,34.525,-0.225,42,2,NA,FE006,AP004,5,38,24,39,-99,-99,-99,2nd fert. 2nd application,D00092,900001,SHORT_RW
Kisumu,Seme,34.525,-0.225,0,1,NA,FE006,AP004,5,29,18,29,-99,-99,-99,3rd fert. 1st application,D00092,900001,SHORT_RW
Kisumu,Seme,34.525,-0.225,42,2,NA,FE006,AP004,5,48,30,49,-99,-99,-99,3rd fert. 2nd application,D00092,900001,SHORT_RW
Kisumu,Seme,34.575,-0.225,0,1,NA,FE006,AP004,5,73,48,38,-99,-99,-99,1st fert. 1st application,D00078,900002,MEDIUM_RW 
Kisumu,Seme,34.575,-0.225,42,2,NA,FE006,AP004,5,44,29,23,-99,-99,-99,1st fert. 2nd application,D00078,900002,MEDIUM_RW 
Kisumu,Seme,34.575,-0.225,0,1,NA,FE006,AP004,5,58,39,31,-99,-99,-99,2nd fert. 1st application,D00078,900002,MEDIUM_RW 
Kisumu,Seme,34.575,-0.225,42,2,NA,FE006,AP004,5,58,39,31,-99,-99,-99,2nd fert. 2nd application,D00078,900002,MEDIUM_RW 
Kisumu,Seme,34.575,-0.225,0,1,NA,FE006,AP004,5,44,29,23,-99,-99,-99,3rd fert. 1st application,D00078,900002,MEDIUM_RW 
Kisumu,Seme,34.575,-0.225,42,2,NA,FE006,AP004,5,73,48,38,-99,-99,-99,3rd fert. 2nd application,D00078,900002,MEDIUM_RW 
Kisumu,Nyando,34.625,-0.225,0,1,NA,FE006,AP004,5,48,51,53,-99,-99,-99,1st fert. 1st application,D00101,900003,LONG_RW
Kisumu,Nyando,34.625,-0.225,42,2,NA,FE006,AP004,5,29,30,32,-99,-99,-99,1st fert. 2nd application,D00101,900003,LONG_RW
Kisumu,Nyando,34.625,-0.225,0,1,NA,FE006,AP004,5,38,40,43,-99,-99,-99,2nd fert. 1st application,D00101,900003,LONG_RW
Kisumu,Nyando,34.625,-0.225,42,2,NA,FE006,AP004,5,38,40,43,-99,-99,-99,2nd fert. 2nd application,D00101,900003,LONG_RW
Kisumu,Nyando,34.625,-0.225,0,1,NA,FE006,AP004,5,29,30,32,-99,-99,-99,3rd fert. 1st application,D00101,900003,LONG_RW
Kisumu,Nyando,34.625,-0.225,42,2,NA,FE006,AP004,5,48,51,53,-99,-99,-99,3rd fert. 2nd application,D00101,900003,LONG_RW
Kisumu,Nyando,34.675,-0.225,0,1,NA,FE006,AP004,5,59,55,71,-99,-99,-99,1st fert. 1st application,D00085,900001,SHORT_RW
Kisumu,Nyando,34.675,-0.225,42,2,NA,FE006,AP004,5,35,33,42,-99,-99,-99,1st fert. 2nd application,D00085,900001,SHORT_RW
Kisumu,Nyando,34.675,-0.225,0,1,NA,FE006,AP004,5,47,44,57,-99,-99,-99,2nd fert. 1st application,D00085,900001,SHORT_RW
Kisumu,Nyando,34.675,-0.225,42,2,NA,FE006,AP004,5,47,44,57,-99,-99,-99,2nd fert. 2nd application,D00085,900001,SHORT_RW
Kisumu,Nyando,34.675,-0.225,0,1,NA,FE006,AP004,5,35,33,42,-99,-99,-99,3rd fert. 1st application,D00085,900001,SHORT_RW
Kisumu,Nyando,34.675,-0.225,42,2,NA,FE006,AP004,5,59,55,71,-99,-99,-99,3rd fert. 2nd application,D00085,900001,SHORT_RW
Kisumu,Nyando,34.725,-0.225,0,1,NA,FE006,AP004,5,54,42,70,-99,-99,-99,1st fert. 1st application,D00087,900002,MEDIUM_RW 
Kisumu,Nyando,34.725,-0.225,42,2,NA,FE006,AP004,5,32,25,42,-99,-99,-99,1st fert. 2nd application,D00087,900002,MEDIUM_RW 
Kisumu,Nyando,34.725,-0.225,0,1,NA,FE006,AP004,5,43,33,56,-99,-99,-99,2nd fert. 1st application,D00087,900002,MEDIUM_RW 
Kisumu,Nyando,34.725,-0.225,42,2,NA,FE006,AP004,5,43,33,56,-99,-99,-99,2nd fert. 2nd application,D00087,900002,MEDIUM_RW 
Kisumu,Nyando,34.725,-0.225,0,1,NA,FE006,AP004,5,32,25,42,-99,-99,-99,3rd fert. 1st application,D00087,900002,MEDIUM_RW 
Kisumu,Nyando,34.725,-0.225,42,2,NA,FE006,AP004,5,54,42,70,-99,-99,-99,3rd fert. 2nd application,D00087,900002,MEDIUM_RW 
Kisumu,Nyando,34.775,-0.225,0,1,NA,FE006,AP004,5,30,49,39,-99,-99,-99,1st fert. 1st application,D00078,900003,LONG_RW
Kisumu,Nyando,34.775,-0.225,42,2,NA,FE006,AP004,5,18,30,23,-99,-99,-99,1st fert. 2nd application,D00078,900003,LONG_RW
Kisumu,Nyando,34.775,-0.225,0,1,NA,FE006,AP004,5,24,40,31,-99,-99,-99,2nd fert. 1st application,D00078,900003,LONG_RW
Kisumu,Nyando,34.775,-0.225,42,2,NA,FE006,AP004,5,24,40,31,-99,-99,-99,2nd fert. 2nd application,D00078,900003,LONG_RW
Kisumu,Nyando,34.775,-0.225,0,1,NA,FE006,AP004,5,18,30,23,-99,-99,-99,3rd fert. 1st application,D00078,900003,LONG_RW
Kisumu,Nyando,34.775,-0.225,42,2,NA,FE006,AP004,5,30,49,39,-99,-99,-99,3rd fert. 2nd application,D00078,900003,LONG_RW
Kisumu,Nyando,34.825,-0.225,0,1,NA,FE006,AP004,5,70,73,41,-99,-99,-99,1st fert. 1st application,D00092,900001,SHORT_RW
Kisumu,Nyando,34.825,-0.225,42,2,NA,FE006,AP004,5,42,44,25,-99,-99,-99,1st fert. 2nd application,D00092,900001,SHORT_RW
Kisumu,Nyando,34.825,-0.225,0,1,NA,FE006,AP004,5,56,58,33,-99,-99,-99,2nd fert. 1st application,D00092,900001,SHORT_RW
Kisumu,Nyando,34.825,-0.225,42,2,NA,FE006,AP004,5,56,58,33,-99,-99,-99,2nd fert. 2nd application,D00092,900001,SHORT_RW
Kisumu,Nyando,34.825,-0.225,0,1,NA,FE006,AP004,5,42,44,25,-99,-99,-99,3rd fert. 1st application,D00092,900001,SHORT_RW
Kisumu,Nyando,34.825,-0.225,42,2,NA,FE006,AP004,5,70,73,41,-99,-99,-99,3rd fert. 2nd application,D00092,900001,SHORT_RW
Kisumu,Nyando,34.875,-0.225,0,1,NA,FE006,AP004,5,37,49,74,-99,-99,-99,1st fert. 1st application,D00078,900002,MEDIUM_RW 
Kisumu,Nyando,34.875,-0.225,42,2,NA,FE006,AP004,5,22,29,45,-99,-99,-99,1st fert. 2nd application,D00078,900002,MEDIUM_RW 
Kisumu,Nyando,34.875,-0.225,0,1,NA,FE006,AP004,5,30,39,59,-99,-99,-99,2nd fert. 1st application,D00078,900002,MEDIUM_RW 
Kisumu,Nyando,34.875,-0.225,42,2,NA,FE006,AP004,5,30,39,59,-99,-99,-99,2nd fert. 2nd application,D00078,900002,MEDIUM_RW 
Kisumu,Nyando,34.875,-0.225,0,1,NA,FE006,AP004,5,22,29,45,-99,-99,-99,3rd fert. 1st application,D00078,900002,MEDIUM_RW 
Kisumu,Nyando,34.875,-0.225,42,2,NA,FE006,AP004,5,37,49,74,-99,-99,-99,3rd fert. 2nd application,D00078,900002,MEDIUM_RW 
Kisumu,Nyando,34.925,-0.225,0,1,NA,FE006,AP004,5,27,70,56,-99,-99,-99,1st fert. 1st application,D00101,900003,LONG_RW
Kisumu,Nyando,34.925,-0.225,42,2,NA,FE006,AP004,5,16,42,34,-99,-99,-99,1st fert. 2nd application,D00101,900003,LONG_RW
Kisumu,Nyando,34.925,-0.225,0,1,NA,FE006,AP004,5,22,56,45,-99,-99,-99,2nd fert. 1st application,D00101,900003,LONG_RW
Kisumu,Nyando,34.925,-0.225,42,2,NA,FE006,AP004,5,22,56,45,-99,-99,-99,2nd fert. 2nd application,D00101,900003,LONG_RW
Kisumu,Nyando,34.925,-0.225,0,1,NA,FE006,AP004,5,16,42,34,-99,-99,-99,3rd fert. 1st application,D00101,900003,LONG_RW
Kisumu,Nyando,34.925,-0.225,42,2,NA,FE006,AP004,5,27,70,56,-99,-99,-99,3rd fert. 2nd application,D00101,900003,LONG_RW
Kisumu,Nyando,34.975,-0.225,0,1,NA,FE006,AP004,5,41,71,72,-99,-99,-99,1st fert. 1st application,D00079,900001,SHORT_RW
Kisumu,Nyando,34.975,-0.225,42,2,NA,FE006,AP004,5,25,42,43,-99,-99,-99,1st fert. 2nd application,D00079,900001,SHORT_RW
Kisumu,Nyando,34.975,-0.225,0,1,NA,FE006,AP004,5,33,57,57,-99,-99,-99,2nd fert. 1st application,D00079,900001,SHORT_RW
Kisumu,Nyando,34.975,-0.225,42,2,NA,FE006,AP004,5,33,57,57,-99,-99,-99,2nd fert. 2nd application,D00079,900001,SHORT_RW
Kisumu,Nyando,34.975,-0.225,0,1,NA,FE006,AP004,5,25,42,43,-99,-99,-99,3rd fert. 1st application,D00079,900001,SHORT_RW
Kisumu,Nyando,34.975,-0.225,42,2,NA,FE006,AP004,5,41,71,72,-99,-99,-99,3rd fert. 2nd application,D00079,900001,SHORT_RW
Kisumu,Nyando,35.025,-0.225,0,1,NA,FE006,AP004,5,73,55,48,-99,-99,-99,1st fert. 1st application,D00099,900002,MEDIUM_RW 
Kisumu,Nyando,35.025,-0.225,42,2,NA,FE006,AP004,5,44,33,29,-99,-99,-99,1st fert. 2nd application,D00099,900002,MEDIUM_RW 
Kisumu,Nyando,35.025,-0.225,0,1,NA,FE006,AP004,5,58,44,39,-99,-99,-99,2nd fert. 1st application,D00099,900002,MEDIUM_RW 
Kisumu,Nyando,35.025,-0.225,42,2,NA,FE006,AP004,5,58,44,39,-99,-99,-99,2nd fert. 2nd application,D00099,900002,MEDIUM_RW 
Kisumu,Nyando,35.025,-0.225,0,1,NA,FE006,AP004,5,44,33,29,-99,-99,-99,3rd fert. 1st application,D00099,900002,MEDIUM_RW 
Kisumu,Nyando,35.025,-0.225,42,2,NA,FE006,AP004,5,73,55,48,-99,-99,-99,3rd fert. 2nd application,D00099,900002,MEDIUM_RW 
Kisumu,Muhoroni,35.275,-0.225,0,1,NA,FE006,AP004,5,69,46,45,-99,-99,-99,1st fert. 1st application,D00093,900003,LONG_RW
Kisumu,Muhoroni,35.275,-0.225,42,2,NA,FE006,AP004,5,42,27,27,-99,-99,-99,1st fert. 2nd application,D00093,900003,LONG_RW
Kisumu,Muhoroni,35.275,-0.225,0,1,NA,FE006,AP004,5,56,36,36,-99,-99,-99,2nd fert. 1st application,D00093,900003,LONG_RW
Kisumu,Muhoroni,35.275,-0.225,42,2,NA,FE006,AP004,5,56,36,36,-99,-99,-99,2nd fert. 2nd application,D00093,900003,LONG_RW
Kisumu,Muhoroni,35.275,-0.225,0,1,NA,FE006,AP004,5,42,27,27,-99,-99,-99,3rd fert. 1st application,D00093,900003,LONG_RW
Kisumu,Muhoroni,35.275,-0.225,42,2,NA,FE006,AP004,5,69,46,45,-99,-99,-99,3rd fert. 2nd application,D00093,900003,LONG_RW
Kisumu,Muhoroni,35.325,-0.225,0,1,NA,FE006,AP004,5,60,32,58,-99,-99,-99,1st fert. 1st application,D00092,900001,SHORT_RW
Kisumu,Muhoroni,35.325,-0.225,42,2,NA,FE006,AP004,5,36,19,35,-99,-99,-99,1st fert. 2nd application,D00092,900001,SHORT_RW
Kisumu,Muhoroni,35.325,-0.225,0,1,NA,FE006,AP004,5,48,26,46,-99,-99,-99,2nd fert. 1st application,D00092,900001,SHORT_RW
Kisumu,Muhoroni,35.325,-0.225,42,2,NA,FE006,AP004,5,48,26,46,-99,-99,-99,2nd fert. 2nd application,D00092,900001,SHORT_RW
Kisumu,Muhoroni,35.325,-0.225,0,1,NA,FE006,AP004,5,36,19,35,-99,-99,-99,3rd fert. 1st application,D00092,900001,SHORT_RW
Kisumu,Muhoroni,35.325,-0.225,42,2,NA,FE006,AP004,5,60,32,58,-99,-99,-99,3rd fert. 2nd application,D00092,900001,SHORT_RW
Kisumu,Nyakach,34.775,-0.275,0,1,NA,FE006,AP004,5,57,72,33,-99,-99,-99,1st fert. 1st application,D00078,900002,MEDIUM_RW 
Kisumu,Nyakach,34.775,-0.275,42,2,NA,FE006,AP004,5,34,43,20,-99,-99,-99,1st fert. 2nd application,D00078,900002,MEDIUM_RW 
Kisumu,Nyakach,34.775,-0.275,0,1,NA,FE006,AP004,5,46,57,26,-99,-99,-99,2nd fert. 1st application,D00078,900002,MEDIUM_RW 
Kisumu,Nyakach,34.775,-0.275,42,2,NA,FE006,AP004,5,46,57,26,-99,-99,-99,2nd fert. 2nd application,D00078,900002,MEDIUM_RW 
Kisumu,Nyakach,34.775,-0.275,0,1,NA,FE006,AP004,5,34,43,20,-99,-99,-99,3rd fert. 1st application,D00078,900002,MEDIUM_RW 
Kisumu,Nyakach,34.775,-0.275,42,2,NA,FE006,AP004,5,57,72,33,-99,-99,-99,3rd fert. 2nd application,D00078,900002,MEDIUM_RW 
Kisumu,Nyando,34.825,-0.275,0,1,NA,FE006,AP004,5,75,40,54,-99,-99,-99,1st fert. 1st application,D00101,900003,LONG_RW
Kisumu,Nyando,34.825,-0.275,42,2,NA,FE006,AP004,5,45,24,32,-99,-99,-99,1st fert. 2nd application,D00101,900003,LONG_RW
Kisumu,Nyando,34.825,-0.275,0,1,NA,FE006,AP004,5,60,32,43,-99,-99,-99,2nd fert. 1st application,D00101,900003,LONG_RW
Kisumu,Nyando,34.825,-0.275,42,2,NA,FE006,AP004,5,60,32,43,-99,-99,-99,2nd fert. 2nd application,D00101,900003,LONG_RW
Kisumu,Nyando,34.825,-0.275,0,1,NA,FE006,AP004,5,45,24,32,-99,-99,-99,3rd fert. 1st application,D00101,900003,LONG_RW
Kisumu,Nyando,34.825,-0.275,42,2,NA,FE006,AP004,5,75,40,54,-99,-99,-99,3rd fert. 2nd application,D00101,900003,LONG_RW
Kisumu,Nyando,34.875,-0.275,0,1,NA,FE006,AP004,5,58,28,37,-99,-99,-99,1st fert. 1st application,D00085,900001,SHORT_RW
Kisumu,Nyando,34.875,-0.275,42,2,NA,FE006,AP004,5,35,17,22,-99,-99,-99,1st fert. 2nd application,D00085,900001,SHORT_RW
Kisumu,Nyando,34.875,-0.275,0,1,NA,FE006,AP004,5,46,22,30,-99,-99,-99,2nd fert. 1st application,D00085,900001,SHORT_RW
Kisumu,Nyando,34.875,-0.275,42,2,NA,FE006,AP004,5,46,22,30,-99,-99,-99,2nd fert. 2nd application,D00085,900001,SHORT_RW
Kisumu,Nyando,34.875,-0.275,0,1,NA,FE006,AP004,5,35,17,22,-99,-99,-99,3rd fert. 1st application,D00085,900001,SHORT_RW
Kisumu,Nyando,34.875,-0.275,42,2,NA,FE006,AP004,5,58,28,37,-99,-99,-99,3rd fert. 2nd application,D00085,900001,SHORT_RW
Kisumu,Nyakach,34.925,-0.275,0,1,NA,FE006,AP004,5,60,72,73,-99,-99,-99,1st fert. 1st application,D00087,900002,MEDIUM_RW 
Kisumu,Nyakach,34.925,-0.275,42,2,NA,FE006,AP004,5,36,43,44,-99,-99,-99,1st fert. 2nd application,D00087,900002,MEDIUM_RW 
Kisumu,Nyakach,34.925,-0.275,0,1,NA,FE006,AP004,5,48,58,58,-99,-99,-99,2nd fert. 1st application,D00087,900002,MEDIUM_RW 
Kisumu,Nyakach,34.925,-0.275,42,2,NA,FE006,AP004,5,48,58,58,-99,-99,-99,2nd fert. 2nd application,D00087,900002,MEDIUM_RW 
Kisumu,Nyakach,34.925,-0.275,0,1,NA,FE006,AP004,5,36,43,44,-99,-99,-99,3rd fert. 1st application,D00087,900002,MEDIUM_RW 
Kisumu,Nyakach,34.925,-0.275,42,2,NA,FE006,AP004,5,60,72,73,-99,-99,-99,3rd fert. 2nd application,D00087,900002,MEDIUM_RW 
Kisumu,Nyakach,34.975,-0.275,0,1,NA,FE006,AP004,5,52,61,55,-99,-99,-99,1st fert. 1st application,D00078,900003,LONG_RW
Kisumu,Nyakach,34.975,-0.275,42,2,NA,FE006,AP004,5,31,37,33,-99,-99,-99,1st fert. 2nd application,D00078,900003,LONG_RW
Kisumu,Nyakach,34.975,-0.275,0,1,NA,FE006,AP004,5,42,49,44,-99,-99,-99,2nd fert. 1st application,D00078,900003,LONG_RW
Kisumu,Nyakach,34.975,-0.275,42,2,NA,FE006,AP004,5,42,49,44,-99,-99,-99,2nd fert. 2nd application,D00078,900003,LONG_RW
Kisumu,Nyakach,34.975,-0.275,0,1,NA,FE006,AP004,5,31,37,33,-99,-99,-99,3rd fert. 1st application,D00078,900003,LONG_RW
Kisumu,Nyakach,34.975,-0.275,42,2,NA,FE006,AP004,5,52,61,55,-99,-99,-99,3rd fert. 2nd application,D00078,900003,LONG_RW
Kisumu,Nyando,35.025,-0.275,0,1,NA,FE006,AP004,5,55,32,51,-99,-99,-99,1st fert. 1st application,D00092,900001,SHORT_RW
Kisumu,Nyando,35.025,-0.275,42,2,NA,FE006,AP004,5,33,19,30,-99,-99,-99,1st fert. 2nd application,D00092,900001,SHORT_RW
Kisumu,Nyando,35.025,-0.275,0,1,NA,FE006,AP004,5,44,26,41,-99,-99,-99,2nd fert. 1st application,D00092,900001,SHORT_RW
Kisumu,Nyando,35.025,-0.275,42,2,NA,FE006,AP004,5,44,26,41,-99,-99,-99,2nd fert. 2nd application,D00092,900001,SHORT_RW
Kisumu,Nyando,35.025,-0.275,0,1,NA,FE006,AP004,5,33,19,30,-99,-99,-99,3rd fert. 1st application,D00092,900001,SHORT_RW
Kisumu,Nyando,35.025,-0.275,42,2,NA,FE006,AP004,5,55,32,51,-99,-99,-99,3rd fert. 2nd application,D00092,900001,SHORT_RW
Kisumu,Seme,34.475,-0.125,0,1,NA,FE006,AP004,5,39,52,45,-99,-99,-99,1st fert. 1st application,D00078,900002,MEDIUM_RW 
Kisumu,Seme,34.475,-0.125,42,2,NA,FE006,AP004,5,24,31,27,-99,-99,-99,1st fert. 2nd application,D00078,900002,MEDIUM_RW 
Kisumu,Seme,34.475,-0.125,0,1,NA,FE006,AP004,5,32,42,36,-99,-99,-99,2nd fert. 1st application,D00078,900002,MEDIUM_RW 
Kisumu,Seme,34.475,-0.125,42,2,NA,FE006,AP004,5,32,42,36,-99,-99,-99,2nd fert. 2nd application,D00078,900002,MEDIUM_RW 
Kisumu,Seme,34.475,-0.125,0,1,NA,FE006,AP004,5,24,31,27,-99,-99,-99,3rd fert. 1st application,D00078,900002,MEDIUM_RW 
Kisumu,Seme,34.475,-0.125,42,2,NA,FE006,AP004,5,39,52,45,-99,-99,-99,3rd fert. 2nd application,D00078,900002,MEDIUM_RW 
Kisumu,Seme,34.525,-0.125,0,1,NA,FE006,AP004,5,32,73,69,-99,-99,-99,1st fert. 1st application,D00101,900003,LONG_RW
Kisumu,Seme,34.525,-0.125,42,2,NA,FE006,AP004,5,19,44,41,-99,-99,-99,1st fert. 2nd application,D00101,900003,LONG_RW
Kisumu,Seme,34.525,-0.125,0,1,NA,FE006,AP004,5,26,58,55,-99,-99,-99,2nd fert. 1st application,D00101,900003,LONG_RW
Kisumu,Seme,34.525,-0.125,42,2,NA,FE006,AP004,5,26,58,55,-99,-99,-99,2nd fert. 2nd application,D00101,900003,LONG_RW
Kisumu,Seme,34.525,-0.125,0,1,NA,FE006,AP004,5,19,44,41,-99,-99,-99,3rd fert. 1st application,D00101,900003,LONG_RW
Kisumu,Seme,34.525,-0.125,42,2,NA,FE006,AP004,5,32,73,69,-99,-99,-99,3rd fert. 2nd application,D00101,900003,LONG_RW
Kisumu,Seme,34.575,-0.125,0,1,NA,FE006,AP004,5,73,54,43,-99,-99,-99,1st fert. 1st application,D00079,900001,SHORT_RW
Kisumu,Seme,34.575,-0.125,42,2,NA,FE006,AP004,5,44,33,26,-99,-99,-99,1st fert. 2nd application,D00079,900001,SHORT_RW
Kisumu,Seme,34.575,-0.125,0,1,NA,FE006,AP004,5,59,43,35,-99,-99,-99,2nd fert. 1st application,D00079,900001,SHORT_RW
Kisumu,Seme,34.575,-0.125,42,2,NA,FE006,AP004,5,59,43,35,-99,-99,-99,2nd fert. 2nd application,D00079,900001,SHORT_RW
Kisumu,Seme,34.575,-0.125,0,1,NA,FE006,AP004,5,44,33,26,-99,-99,-99,3rd fert. 1st application,D00079,900001,SHORT_RW
Kisumu,Seme,34.575,-0.125,42,2,NA,FE006,AP004,5,73,54,43,-99,-99,-99,3rd fert. 2nd application,D00079,900001,SHORT_RW
Kisumu,Kisumu West,34.625,-0.125,0,1,NA,FE006,AP004,5,70,45,39,-99,-99,-99,1st fert. 1st application,D00099,900002,MEDIUM_RW 
Kisumu,Kisumu West,34.625,-0.125,42,2,NA,FE006,AP004,5,42,27,24,-99,-99,-99,1st fert. 2nd application,D00099,900002,MEDIUM_RW 
Kisumu,Kisumu West,34.625,-0.125,0,1,NA,FE006,AP004,5,56,36,32,-99,-99,-99,2nd fert. 1st application,D00099,900002,MEDIUM_RW 
Kisumu,Kisumu West,34.625,-0.125,42,2,NA,FE006,AP004,5,56,36,32,-99,-99,-99,2nd fert. 2nd application,D00099,900002,MEDIUM_RW 
Kisumu,Kisumu West,34.625,-0.125,0,1,NA,FE006,AP004,5,42,27,24,-99,-99,-99,3rd fert. 1st application,D00099,900002,MEDIUM_RW 
Kisumu,Kisumu West,34.625,-0.125,42,2,NA,FE006,AP004,5,70,45,39,-99,-99,-99,3rd fert. 2nd application,D00099,900002,MEDIUM_RW 
Kisumu,Kisumu West,34.675,-0.125,0,1,NA,FE006,AP004,5,60,57,34,-99,-99,-99,1st fert. 1st application,D00093,900003,LONG_RW
Kisumu,Kisumu West,34.675,-0.125,42,2,NA,FE006,AP004,5,36,34,20,-99,-99,-99,1st fert. 2nd application,D00093,900003,LONG_RW
Kisumu,Kisumu West,34.675,-0.125,0,1,NA,FE006,AP004,5,48,46,27,-99,-99,-99,2nd fert. 1st application,D00093,900003,LONG_RW
Kisumu,Kisumu West,34.675,-0.125,42,2,NA,FE006,AP004,5,48,46,27,-99,-99,-99,2nd fert. 2nd application,D00093,900003,LONG_RW
Kisumu,Kisumu West,34.675,-0.125,0,1,NA,FE006,AP004,5,36,34,20,-99,-99,-99,3rd fert. 1st application,D00093,900003,LONG_RW
Kisumu,Kisumu West,34.675,-0.125,42,2,NA,FE006,AP004,5,60,57,34,-99,-99,-99,3rd fert. 2nd application,D00093,900003,LONG_RW
Kisumu,Kisumu Central,34.725,-0.125,0,1,NA,FE006,AP004,5,65,41,34,-99,-99,-99,1st fert. 1st application,D00092,900001,SHORT_RW
Kisumu,Kisumu Central,34.725,-0.125,42,2,NA,FE006,AP004,5,39,25,20,-99,-99,-99,1st fert. 2nd application,D00092,900001,SHORT_RW
Kisumu,Kisumu Central,34.725,-0.125,0,1,NA,FE006,AP004,5,52,33,27,-99,-99,-99,2nd fert. 1st application,D00092,900001,SHORT_RW
Kisumu,Kisumu Central,34.725,-0.125,42,2,NA,FE006,AP004,5,52,33,27,-99,-99,-99,2nd fert. 2nd application,D00092,900001,SHORT_RW
Kisumu,Kisumu Central,34.725,-0.125,0,1,NA,FE006,AP004,5,39,25,20,-99,-99,-99,3rd fert. 1st application,D00092,900001,SHORT_RW
Kisumu,Kisumu Central,34.725,-0.125,42,2,NA,FE006,AP004,5,65,41,34,-99,-99,-99,3rd fert. 2nd application,D00092,900001,SHORT_RW
Kisumu,Kisumu East,34.775,-0.125,0,1,NA,FE006,AP004,5,26,40,49,-99,-99,-99,1st fert. 1st application,D00078,900002,MEDIUM_RW 
Kisumu,Kisumu East,34.775,-0.125,42,2,NA,FE006,AP004,5,16,24,29,-99,-99,-99,1st fert. 2nd application,D00078,900002,MEDIUM_RW 
Kisumu,Kisumu East,34.775,-0.125,0,1,NA,FE006,AP004,5,21,32,39,-99,-99,-99,2nd fert. 1st application,D00078,900002,MEDIUM_RW 
Kisumu,Kisumu East,34.775,-0.125,42,2,NA,FE006,AP004,5,21,32,39,-99,-99,-99,2nd fert. 2nd application,D00078,900002,MEDIUM_RW 
Kisumu,Kisumu East,34.775,-0.125,0,1,NA,FE006,AP004,5,16,24,29,-99,-99,-99,3rd fert. 1st application,D00078,900002,MEDIUM_RW 
Kisumu,Kisumu East,34.775,-0.125,42,2,NA,FE006,AP004,5,26,40,49,-99,-99,-99,3rd fert. 2nd application,D00078,900002,MEDIUM_RW 
Kisumu,Kisumu East,34.825,-0.125,0,1,NA,FE006,AP004,5,49,36,38,-99,-99,-99,1st fert. 1st application,D00101,900003,LONG_RW
Kisumu,Kisumu East,34.825,-0.125,42,2,NA,FE006,AP004,5,29,22,23,-99,-99,-99,1st fert. 2nd application,D00101,900003,LONG_RW
Kisumu,Kisumu East,34.825,-0.125,0,1,NA,FE006,AP004,5,39,29,30,-99,-99,-99,2nd fert. 1st application,D00101,900003,LONG_RW
Kisumu,Kisumu East,34.825,-0.125,42,2,NA,FE006,AP004,5,39,29,30,-99,-99,-99,2nd fert. 2nd application,D00101,900003,LONG_RW
Kisumu,Kisumu East,34.825,-0.125,0,1,NA,FE006,AP004,5,29,22,23,-99,-99,-99,3rd fert. 1st application,D00101,900003,LONG_RW
Kisumu,Kisumu East,34.825,-0.125,42,2,NA,FE006,AP004,5,49,36,38,-99,-99,-99,3rd fert. 2nd application,D00101,900003,LONG_RW
Kisumu,Nyando,34.875,-0.125,0,1,NA,FE006,AP004,5,63,43,36,-99,-99,-99,1st fert. 1st application,D00085,900001,SHORT_RW
Kisumu,Nyando,34.875,-0.125,42,2,NA,FE006,AP004,5,38,26,21,-99,-99,-99,1st fert. 2nd application,D00085,900001,SHORT_RW
Kisumu,Nyando,34.875,-0.125,0,1,NA,FE006,AP004,5,50,35,29,-99,-99,-99,2nd fert. 1st application,D00085,900001,SHORT_RW
Kisumu,Nyando,34.875,-0.125,42,2,NA,FE006,AP004,5,50,35,29,-99,-99,-99,2nd fert. 2nd application,D00085,900001,SHORT_RW
Kisumu,Nyando,34.875,-0.125,0,1,NA,FE006,AP004,5,38,26,21,-99,-99,-99,3rd fert. 1st application,D00085,900001,SHORT_RW
Kisumu,Nyando,34.875,-0.125,42,2,NA,FE006,AP004,5,63,43,36,-99,-99,-99,3rd fert. 2nd application,D00085,900001,SHORT_RW
Kisumu,Muhoroni,34.925,-0.125,0,1,NA,FE006,AP004,5,36,74,59,-99,-99,-99,1st fert. 1st application,D00087,900002,MEDIUM_RW 
Kisumu,Muhoroni,34.925,-0.125,42,2,NA,FE006,AP004,5,21,45,35,-99,-99,-99,1st fert. 2nd application,D00087,900002,MEDIUM_RW 
Kisumu,Muhoroni,34.925,-0.125,0,1,NA,FE006,AP004,5,29,59,47,-99,-99,-99,2nd fert. 1st application,D00087,900002,MEDIUM_RW 
Kisumu,Muhoroni,34.925,-0.125,42,2,NA,FE006,AP004,5,29,59,47,-99,-99,-99,2nd fert. 2nd application,D00087,900002,MEDIUM_RW 
Kisumu,Muhoroni,34.925,-0.125,0,1,NA,FE006,AP004,5,21,45,35,-99,-99,-99,3rd fert. 1st application,D00087,900002,MEDIUM_RW 
Kisumu,Muhoroni,34.925,-0.125,42,2,NA,FE006,AP004,5,36,74,59,-99,-99,-99,3rd fert. 2nd application,D00087,900002,MEDIUM_RW 
Kisumu,Muhoroni,34.975,-0.125,0,1,NA,FE006,AP004,5,41,33,27,-99,-99,-99,1st fert. 1st application,D00078,900003,LONG_RW
Kisumu,Muhoroni,34.975,-0.125,42,2,NA,FE006,AP004,5,25,20,16,-99,-99,-99,1st fert. 2nd application,D00078,900003,LONG_RW
Kisumu,Muhoroni,34.975,-0.125,0,1,NA,FE006,AP004,5,33,26,22,-99,-99,-99,2nd fert. 1st application,D00078,900003,LONG_RW
Kisumu,Muhoroni,34.975,-0.125,42,2,NA,FE006,AP004,5,33,26,22,-99,-99,-99,2nd fert. 2nd application,D00078,900003,LONG_RW
Kisumu,Muhoroni,34.975,-0.125,0,1,NA,FE006,AP004,5,25,20,16,-99,-99,-99,3rd fert. 1st application,D00078,900003,LONG_RW
Kisumu,Muhoroni,34.975,-0.125,42,2,NA,FE006,AP004,5,41,33,27,-99,-99,-99,3rd fert. 2nd application,D00078,900003,LONG_RW
Kisumu,Muhoroni,35.025,-0.125,0,1,NA,FE006,AP004,5,37,30,60,-99,-99,-99,1st fert. 1st application,D00092,900001,SHORT_RW
Kisumu,Muhoroni,35.025,-0.125,42,2,NA,FE006,AP004,5,22,18,36,-99,-99,-99,1st fert. 2nd application,D00092,900001,SHORT_RW
Kisumu,Muhoroni,35.025,-0.125,0,1,NA,FE006,AP004,5,29,24,48,-99,-99,-99,2nd fert. 1st application,D00092,900001,SHORT_RW
Kisumu,Muhoroni,35.025,-0.125,42,2,NA,FE006,AP004,5,29,24,48,-99,-99,-99,2nd fert. 2nd application,D00092,900001,SHORT_RW
Kisumu,Muhoroni,35.025,-0.125,0,1,NA,FE006,AP004,5,22,18,36,-99,-99,-99,3rd fert. 1st application,D00092,900001,SHORT_RW
Kisumu,Muhoroni,35.025,-0.125,42,2,NA,FE006,AP004,5,37,30,60,-99,-99,-99,3rd fert. 2nd application,D00092,900001,SHORT_RW
Kisumu,Muhoroni,35.075,-0.125,0,1,NA,FE006,AP004,5,32,32,43,-99,-99,-99,1st fert. 1st application,D00078,900002,MEDIUM_RW 
Kisumu,Muhoroni,35.075,-0.125,42,2,NA,FE006,AP004,5,19,19,26,-99,-99,-99,1st fert. 2nd application,D00078,900002,MEDIUM_RW 
Kisumu,Muhoroni,35.075,-0.125,0,1,NA,FE006,AP004,5,26,26,34,-99,-99,-99,2nd fert. 1st application,D00078,900002,MEDIUM_RW 
Kisumu,Muhoroni,35.075,-0.125,42,2,NA,FE006,AP004,5,26,26,34,-99,-99,-99,2nd fert. 2nd application,D00078,900002,MEDIUM_RW 
Kisumu,Muhoroni,35.075,-0.125,0,1,NA,FE006,AP004,5,19,19,26,-99,-99,-99,3rd fert. 1st application,D00078,900002,MEDIUM_RW 
Kisumu,Muhoroni,35.075,-0.125,42,2,NA,FE006,AP004,5,32,32,43,-99,-99,-99,3rd fert. 2nd application,D00078,900002,MEDIUM_RW 
Kisumu,Muhoroni,35.125,-0.125,0,1,NA,FE006,AP004,5,46,60,45,-99,-99,-99,1st fert. 1st application,D00101,900003,LONG_RW
Kisumu,Muhoroni,35.125,-0.125,42,2,NA,FE006,AP004,5,27,36,27,-99,-99,-99,1st fert. 2nd application,D00101,900003,LONG_RW
Kisumu,Muhoroni,35.125,-0.125,0,1,NA,FE006,AP004,5,37,48,36,-99,-99,-99,2nd fert. 1st application,D00101,900003,LONG_RW
Kisumu,Muhoroni,35.125,-0.125,42,2,NA,FE006,AP004,5,37,48,36,-99,-99,-99,2nd fert. 2nd application,D00101,900003,LONG_RW
Kisumu,Muhoroni,35.125,-0.125,0,1,NA,FE006,AP004,5,27,36,27,-99,-99,-99,3rd fert. 1st application,D00101,900003,LONG_RW
Kisumu,Muhoroni,35.125,-0.125,42,2,NA,FE006,AP004,5,46,60,45,-99,-99,-99,3rd fert. 2nd application,D00101,900003,LONG_RW
Kisumu,Muhoroni,35.175,-0.125,0,1,NA,FE006,AP004,5,46,56,66,-99,-99,-99,1st fert. 1st application,D00079,900001,SHORT_RW
Kisumu,Muhoroni,35.175,-0.125,42,2,NA,FE006,AP004,5,27,34,40,-99,-99,-99,1st fert. 2nd application,D00079,900001,SHORT_RW
Kisumu,Muhoroni,35.175,-0.125,0,1,NA,FE006,AP004,5,37,45,53,-99,-99,-99,2nd fert. 1st application,D00079,900001,SHORT_RW
Kisumu,Muhoroni,35.175,-0.125,42,2,NA,FE006,AP004,5,37,45,53,-99,-99,-99,2nd fert. 2nd application,D00079,900001,SHORT_RW
Kisumu,Muhoroni,35.175,-0.125,0,1,NA,FE006,AP004,5,27,34,40,-99,-99,-99,3rd fert. 1st application,D00079,900001,SHORT_RW
Kisumu,Muhoroni,35.175,-0.125,42,2,NA,FE006,AP004,5,46,56,66,-99,-99,-99,3rd fert. 2nd application,D00079,900001,SHORT_RW
Kisumu,Muhoroni,35.225,-0.125,0,1,NA,FE006,AP004,5,43,70,71,-99,-99,-99,1st fert. 1st application,D00099,900002,MEDIUM_RW 
Kisumu,Muhoroni,35.225,-0.125,42,2,NA,FE006,AP004,5,26,42,43,-99,-99,-99,1st fert. 2nd application,D00099,900002,MEDIUM_RW 
Kisumu,Muhoroni,35.225,-0.125,0,1,NA,FE006,AP004,5,35,56,57,-99,-99,-99,2nd fert. 1st application,D00099,900002,MEDIUM_RW 
Kisumu,Muhoroni,35.225,-0.125,42,2,NA,FE006,AP004,5,35,56,57,-99,-99,-99,2nd fert. 2nd application,D00099,900002,MEDIUM_RW 
Kisumu,Muhoroni,35.225,-0.125,0,1,NA,FE006,AP004,5,26,42,43,-99,-99,-99,3rd fert. 1st application,D00099,900002,MEDIUM_RW 
Kisumu,Muhoroni,35.225,-0.125,42,2,NA,FE006,AP004,5,43,70,71,-99,-99,-99,3rd fert. 2nd application,D00099,900002,MEDIUM_RW 
Kisumu,Seme,34.475,-0.175,0,1,NA,FE006,AP004,5,33,59,39,-99,-99,-99,1st fert. 1st application,D00093,900003,LONG_RW
Kisumu,Seme,34.475,-0.175,42,2,NA,FE006,AP004,5,20,35,23,-99,-99,-99,1st fert. 2nd application,D00093,900003,LONG_RW
Kisumu,Seme,34.475,-0.175,0,1,NA,FE006,AP004,5,26,47,31,-99,-99,-99,2nd fert. 1st application,D00093,900003,LONG_RW
Kisumu,Seme,34.475,-0.175,42,2,NA,FE006,AP004,5,26,47,31,-99,-99,-99,2nd fert. 2nd application,D00093,900003,LONG_RW
Kisumu,Seme,34.475,-0.175,0,1,NA,FE006,AP004,5,20,35,23,-99,-99,-99,3rd fert. 1st application,D00093,900003,LONG_RW
Kisumu,Seme,34.475,-0.175,42,2,NA,FE006,AP004,5,33,59,39,-99,-99,-99,3rd fert. 2nd application,D00093,900003,LONG_RW
Kisumu,Seme,34.525,-0.175,0,1,NA,FE006,AP004,5,32,62,73,-99,-99,-99,1st fert. 1st application,D00092,900001,SHORT_RW
Kisumu,Seme,34.525,-0.175,42,2,NA,FE006,AP004,5,19,37,44,-99,-99,-99,1st fert. 2nd application,D00092,900001,SHORT_RW
Kisumu,Seme,34.525,-0.175,0,1,NA,FE006,AP004,5,26,49,58,-99,-99,-99,2nd fert. 1st application,D00092,900001,SHORT_RW
Kisumu,Seme,34.525,-0.175,42,2,NA,FE006,AP004,5,26,49,58,-99,-99,-99,2nd fert. 2nd application,D00092,900001,SHORT_RW
Kisumu,Seme,34.525,-0.175,0,1,NA,FE006,AP004,5,19,37,44,-99,-99,-99,3rd fert. 1st application,D00092,900001,SHORT_RW
Kisumu,Seme,34.525,-0.175,42,2,NA,FE006,AP004,5,32,62,73,-99,-99,-99,3rd fert. 2nd application,D00092,900001,SHORT_RW
Kisumu,Seme,34.575,-0.175,0,1,NA,FE006,AP004,5,37,51,61,-99,-99,-99,1st fert. 1st application,D00078,900002,MEDIUM_RW 
Kisumu,Seme,34.575,-0.175,42,2,NA,FE006,AP004,5,22,31,37,-99,-99,-99,1st fert. 2nd application,D00078,900002,MEDIUM_RW 
Kisumu,Seme,34.575,-0.175,0,1,NA,FE006,AP004,5,29,41,49,-99,-99,-99,2nd fert. 1st application,D00078,900002,MEDIUM_RW 
Kisumu,Seme,34.575,-0.175,42,2,NA,FE006,AP004,5,29,41,49,-99,-99,-99,2nd fert. 2nd application,D00078,900002,MEDIUM_RW 
Kisumu,Seme,34.575,-0.175,0,1,NA,FE006,AP004,5,22,31,37,-99,-99,-99,3rd fert. 1st application,D00078,900002,MEDIUM_RW 
Kisumu,Seme,34.575,-0.175,42,2,NA,FE006,AP004,5,37,51,61,-99,-99,-99,3rd fert. 2nd application,D00078,900002,MEDIUM_RW 
Kisumu,Kisumu West,34.625,-0.175,0,1,NA,FE006,AP004,5,48,58,59,-99,-99,-99,1st fert. 1st application,D00101,900003,LONG_RW
Kisumu,Kisumu West,34.625,-0.175,42,2,NA,FE006,AP004,5,29,35,36,-99,-99,-99,1st fert. 2nd application,D00101,900003,LONG_RW
Kisumu,Kisumu West,34.625,-0.175,0,1,NA,FE006,AP004,5,39,46,47,-99,-99,-99,2nd fert. 1st application,D00101,900003,LONG_RW
Kisumu,Kisumu West,34.625,-0.175,42,2,NA,FE006,AP004,5,39,46,47,-99,-99,-99,2nd fert. 2nd application,D00101,900003,LONG_RW
Kisumu,Kisumu West,34.625,-0.175,0,1,NA,FE006,AP004,5,29,35,36,-99,-99,-99,3rd fert. 1st application,D00101,900003,LONG_RW
Kisumu,Kisumu West,34.625,-0.175,42,2,NA,FE006,AP004,5,48,58,59,-99,-99,-99,3rd fert. 2nd application,D00101,900003,LONG_RW
Kisumu,Kisumu Central,34.675,-0.175,0,1,NA,FE006,AP004,5,38,66,28,-99,-99,-99,1st fert. 1st application,D00085,900001,SHORT_RW
Kisumu,Kisumu Central,34.675,-0.175,42,2,NA,FE006,AP004,5,23,40,17,-99,-99,-99,1st fert. 2nd application,D00085,900001,SHORT_RW
Kisumu,Kisumu Central,34.675,-0.175,0,1,NA,FE006,AP004,5,31,53,22,-99,-99,-99,2nd fert. 1st application,D00085,900001,SHORT_RW
Kisumu,Kisumu Central,34.675,-0.175,42,2,NA,FE006,AP004,5,31,53,22,-99,-99,-99,2nd fert. 2nd application,D00085,900001,SHORT_RW
Kisumu,Kisumu Central,34.675,-0.175,0,1,NA,FE006,AP004,5,23,40,17,-99,-99,-99,3rd fert. 1st application,D00085,900001,SHORT_RW
Kisumu,Kisumu Central,34.675,-0.175,42,2,NA,FE006,AP004,5,38,66,28,-99,-99,-99,3rd fert. 2nd application,D00085,900001,SHORT_RW
Kisumu,Kisumu East,34.725,-0.175,0,1,NA,FE006,AP004,5,68,64,45,-99,-99,-99,1st fert. 1st application,D00087,900002,MEDIUM_RW 
Kisumu,Kisumu East,34.725,-0.175,42,2,NA,FE006,AP004,5,41,39,27,-99,-99,-99,1st fert. 2nd application,D00087,900002,MEDIUM_RW 
Kisumu,Kisumu East,34.725,-0.175,0,1,NA,FE006,AP004,5,54,51,36,-99,-99,-99,2nd fert. 1st application,D00087,900002,MEDIUM_RW 
Kisumu,Kisumu East,34.725,-0.175,42,2,NA,FE006,AP004,5,54,51,36,-99,-99,-99,2nd fert. 2nd application,D00087,900002,MEDIUM_RW 
Kisumu,Kisumu East,34.725,-0.175,0,1,NA,FE006,AP004,5,41,39,27,-99,-99,-99,3rd fert. 1st application,D00087,900002,MEDIUM_RW 
Kisumu,Kisumu East,34.725,-0.175,42,2,NA,FE006,AP004,5,68,64,45,-99,-99,-99,3rd fert. 2nd application,D00087,900002,MEDIUM_RW 
Kisumu,Kisumu East,34.775,-0.175,0,1,NA,FE006,AP004,5,27,74,49,-99,-99,-99,1st fert. 1st application,D00078,900003,LONG_RW
Kisumu,Kisumu East,34.775,-0.175,42,2,NA,FE006,AP004,5,16,44,29,-99,-99,-99,1st fert. 2nd application,D00078,900003,LONG_RW
Kisumu,Kisumu East,34.775,-0.175,0,1,NA,FE006,AP004,5,22,59,39,-99,-99,-99,2nd fert. 1st application,D00078,900003,LONG_RW
Kisumu,Kisumu East,34.775,-0.175,42,2,NA,FE006,AP004,5,22,59,39,-99,-99,-99,2nd fert. 2nd application,D00078,900003,LONG_RW
Kisumu,Kisumu East,34.775,-0.175,0,1,NA,FE006,AP004,5,16,44,29,-99,-99,-99,3rd fert. 1st application,D00078,900003,LONG_RW
Kisumu,Kisumu East,34.775,-0.175,42,2,NA,FE006,AP004,5,27,74,49,-99,-99,-99,3rd fert. 2nd application,D00078,900003,LONG_RW
Kisumu,Nyando,34.825,-0.175,0,1,NA,FE006,AP004,5,47,47,53,-99,-99,-99,1st fert. 1st application,D00092,900001,SHORT_RW
Kisumu,Nyando,34.825,-0.175,42,2,NA,FE006,AP004,5,28,28,32,-99,-99,-99,1st fert. 2nd application,D00092,900001,SHORT_RW
Kisumu,Nyando,34.825,-0.175,0,1,NA,FE006,AP004,5,38,38,42,-99,-99,-99,2nd fert. 1st application,D00092,900001,SHORT_RW
Kisumu,Nyando,34.825,-0.175,42,2,NA,FE006,AP004,5,38,38,42,-99,-99,-99,2nd fert. 2nd application,D00092,900001,SHORT_RW
Kisumu,Nyando,34.825,-0.175,0,1,NA,FE006,AP004,5,28,28,32,-99,-99,-99,3rd fert. 1st application,D00092,900001,SHORT_RW
Kisumu,Nyando,34.825,-0.175,42,2,NA,FE006,AP004,5,47,47,53,-99,-99,-99,3rd fert. 2nd application,D00092,900001,SHORT_RW
Kisumu,Nyando,34.875,-0.175,0,1,NA,FE006,AP004,5,65,41,60,-99,-99,-99,1st fert. 1st application,D00078,900002,MEDIUM_RW 
Kisumu,Nyando,34.875,-0.175,42,2,NA,FE006,AP004,5,39,24,36,-99,-99,-99,1st fert. 2nd application,D00078,900002,MEDIUM_RW 
Kisumu,Nyando,34.875,-0.175,0,1,NA,FE006,AP004,5,52,32,48,-99,-99,-99,2nd fert. 1st application,D00078,900002,MEDIUM_RW 
Kisumu,Nyando,34.875,-0.175,42,2,NA,FE006,AP004,5,52,32,48,-99,-99,-99,2nd fert. 2nd application,D00078,900002,MEDIUM_RW 
Kisumu,Nyando,34.875,-0.175,0,1,NA,FE006,AP004,5,39,24,36,-99,-99,-99,3rd fert. 1st application,D00078,900002,MEDIUM_RW 
Kisumu,Nyando,34.875,-0.175,42,2,NA,FE006,AP004,5,65,41,60,-99,-99,-99,3rd fert. 2nd application,D00078,900002,MEDIUM_RW 
Kisumu,Nyando,34.925,-0.175,0,1,NA,FE006,AP004,5,31,45,71,-99,-99,-99,1st fert. 1st application,D00101,900003,LONG_RW
Kisumu,Nyando,34.925,-0.175,42,2,NA,FE006,AP004,5,19,27,42,-99,-99,-99,1st fert. 2nd application,D00101,900003,LONG_RW
Kisumu,Nyando,34.925,-0.175,0,1,NA,FE006,AP004,5,25,36,57,-99,-99,-99,2nd fert. 1st application,D00101,900003,LONG_RW
Kisumu,Nyando,34.925,-0.175,42,2,NA,FE006,AP004,5,25,36,57,-99,-99,-99,2nd fert. 2nd application,D00101,900003,LONG_RW
Kisumu,Nyando,34.925,-0.175,0,1,NA,FE006,AP004,5,19,27,42,-99,-99,-99,3rd fert. 1st application,D00101,900003,LONG_RW
Kisumu,Nyando,34.925,-0.175,42,2,NA,FE006,AP004,5,31,45,71,-99,-99,-99,3rd fert. 2nd application,D00101,900003,LONG_RW
Kisumu,Nyando,34.975,-0.175,0,1,NA,FE006,AP004,5,53,26,56,-99,-99,-99,1st fert. 1st application,D00079,900001,SHORT_RW
Kisumu,Nyando,34.975,-0.175,42,2,NA,FE006,AP004,5,32,15,34,-99,-99,-99,1st fert. 2nd application,D00079,900001,SHORT_RW
Kisumu,Nyando,34.975,-0.175,0,1,NA,FE006,AP004,5,42,20,45,-99,-99,-99,2nd fert. 1st application,D00079,900001,SHORT_RW
Kisumu,Nyando,34.975,-0.175,42,2,NA,FE006,AP004,5,42,20,45,-99,-99,-99,2nd fert. 2nd application,D00079,900001,SHORT_RW
Kisumu,Nyando,34.975,-0.175,0,1,NA,FE006,AP004,5,32,15,34,-99,-99,-99,3rd fert. 1st application,D00079,900001,SHORT_RW
Kisumu,Nyando,34.975,-0.175,42,2,NA,FE006,AP004,5,53,26,56,-99,-99,-99,3rd fert. 2nd application,D00079,900001,SHORT_RW
Kisumu,Nyando,35.025,-0.175,0,1,NA,FE006,AP004,5,35,34,46,-99,-99,-99,1st fert. 1st application,D00099,900002,MEDIUM_RW 
Kisumu,Nyando,35.025,-0.175,42,2,NA,FE006,AP004,5,21,21,28,-99,-99,-99,1st fert. 2nd application,D00099,900002,MEDIUM_RW 
Kisumu,Nyando,35.025,-0.175,0,1,NA,FE006,AP004,5,28,27,37,-99,-99,-99,2nd fert. 1st application,D00099,900002,MEDIUM_RW 
Kisumu,Nyando,35.025,-0.175,42,2,NA,FE006,AP004,5,28,27,37,-99,-99,-99,2nd fert. 2nd application,D00099,900002,MEDIUM_RW 
Kisumu,Nyando,35.025,-0.175,0,1,NA,FE006,AP004,5,21,21,28,-99,-99,-99,3rd fert. 1st application,D00099,900002,MEDIUM_RW 
Kisumu,Nyando,35.025,-0.175,42,2,NA,FE006,AP004,5,35,34,46,-99,-99,-99,3rd fert. 2nd application,D00099,900002,MEDIUM_RW 
Kisumu,Nyando,35.075,-0.175,0,1,NA,FE006,AP004,5,31,67,52,-99,-99,-99,1st fert. 1st application,D00093,900003,LONG_RW
Kisumu,Nyando,35.075,-0.175,42,2,NA,FE006,AP004,5,19,40,31,-99,-99,-99,1st fert. 2nd application,D00093,900003,LONG_RW
Kisumu,Nyando,35.075,-0.175,0,1,NA,FE006,AP004,5,25,54,42,-99,-99,-99,2nd fert. 1st application,D00093,900003,LONG_RW
Kisumu,Nyando,35.075,-0.175,42,2,NA,FE006,AP004,5,25,54,42,-99,-99,-99,2nd fert. 2nd application,D00093,900003,LONG_RW
Kisumu,Nyando,35.075,-0.175,0,1,NA,FE006,AP004,5,19,40,31,-99,-99,-99,3rd fert. 1st application,D00093,900003,LONG_RW
Kisumu,Nyando,35.075,-0.175,42,2,NA,FE006,AP004,5,31,67,52,-99,-99,-99,3rd fert. 2nd application,D00093,900003,LONG_RW
Kisumu,Muhoroni,35.225,-0.175,0,1,NA,FE006,AP004,5,63,37,28,-99,-99,-99,1st fert. 1st application,D00092,900001,SHORT_RW
Kisumu,Muhoroni,35.225,-0.175,42,2,NA,FE006,AP004,5,38,22,17,-99,-99,-99,1st fert. 2nd application,D00092,900001,SHORT_RW
Kisumu,Muhoroni,35.225,-0.175,0,1,NA,FE006,AP004,5,50,29,22,-99,-99,-99,2nd fert. 1st application,D00092,900001,SHORT_RW
Kisumu,Muhoroni,35.225,-0.175,42,2,NA,FE006,AP004,5,50,29,22,-99,-99,-99,2nd fert. 2nd application,D00092,900001,SHORT_RW
Kisumu,Muhoroni,35.225,-0.175,0,1,NA,FE006,AP004,5,38,22,17,-99,-99,-99,3rd fert. 1st application,D00092,900001,SHORT_RW
Kisumu,Muhoroni,35.225,-0.175,42,2,NA,FE006,AP004,5,63,37,28,-99,-99,-99,3rd fert. 2nd application,D00092,900001,SHORT_RW
Kisumu,Muhoroni,35.275,-0.175,0,1,NA,FE006,AP004,5,70,37,38,-99,-99,-99,1st fert. 1st application,D00078,900002,MEDIUM_RW 
Kisumu,Muhoroni,35.275,-0.175,42,2,NA,FE006,AP004,5,42,22,23,-99,-99,-99,1st fert. 2nd application,D00078,900002,MEDIUM_RW 
Kisumu,Muhoroni,35.275,-0.175,0,1,NA,FE006,AP004,5,56,30,30,-99,-99,-99,2nd fert. 1st application,D00078,900002,MEDIUM_RW 
Kisumu,Muhoroni,35.275,-0.175,42,2,NA,FE006,AP004,5,56,30,30,-99,-99,-99,2nd fert. 2nd application,D00078,900002,MEDIUM_RW 
Kisumu,Muhoroni,35.275,-0.175,0,1,NA,FE006,AP004,5,42,22,23,-99,-99,-99,3rd fert. 1st application,D00078,900002,MEDIUM_RW 
Kisumu,Muhoroni,35.275,-0.175,42,2,NA,FE006,AP004,5,70,37,38,-99,-99,-99,3rd fert. 2nd application,D00078,900002,MEDIUM_RW 
Kisumu,Muhoroni,35.325,-0.175,0,1,NA,FE006,AP004,5,44,29,45,-99,-99,-99,1st fert. 1st application,D00101,900003,LONG_RW
Kisumu,Muhoroni,35.325,-0.175,42,2,NA,FE006,AP004,5,26,17,27,-99,-99,-99,1st fert. 2nd application,D00101,900003,LONG_RW
Kisumu,Muhoroni,35.325,-0.175,0,1,NA,FE006,AP004,5,35,23,36,-99,-99,-99,2nd fert. 1st application,D00101,900003,LONG_RW
Kisumu,Muhoroni,35.325,-0.175,42,2,NA,FE006,AP004,5,35,23,36,-99,-99,-99,2nd fert. 2nd application,D00101,900003,LONG_RW
Kisumu,Muhoroni,35.325,-0.175,0,1,NA,FE006,AP004,5,26,17,27,-99,-99,-99,3rd fert. 1st application,D00101,900003,LONG_RW
Kisumu,Muhoroni,35.325,-0.175,42,2,NA,FE006,AP004,5,44,29,45,-99,-99,-99,3rd fert. 2nd application,D00101,900003,LONG_RW
Kisumu,Seme,34.525,-0.025,0,1,NA,FE006,AP004,5,58,37,35,-99,-99,-99,1st fert. 1st application,D00085,900001,SHORT_RW
Kisumu,Seme,34.525,-0.025,42,2,NA,FE006,AP004,5,35,22,21,-99,-99,-99,1st fert. 2nd application,D00085,900001,SHORT_RW
Kisumu,Seme,34.525,-0.025,0,1,NA,FE006,AP004,5,47,30,28,-99,-99,-99,2nd fert. 1st application,D00085,900001,SHORT_RW
Kisumu,Seme,34.525,-0.025,42,2,NA,FE006,AP004,5,47,30,28,-99,-99,-99,2nd fert. 2nd application,D00085,900001,SHORT_RW
Kisumu,Seme,34.525,-0.025,0,1,NA,FE006,AP004,5,35,22,21,-99,-99,-99,3rd fert. 1st application,D00085,900001,SHORT_RW
Kisumu,Seme,34.525,-0.025,42,2,NA,FE006,AP004,5,58,37,35,-99,-99,-99,3rd fert. 2nd application,D00085,900001,SHORT_RW
Kisumu,Kisumu West,34.625,-0.025,0,1,NA,FE006,AP004,5,30,62,67,-99,-99,-99,1st fert. 1st application,D00087,900002,MEDIUM_RW 
Kisumu,Kisumu West,34.625,-0.025,42,2,NA,FE006,AP004,5,18,37,40,-99,-99,-99,1st fert. 2nd application,D00087,900002,MEDIUM_RW 
Kisumu,Kisumu West,34.625,-0.025,0,1,NA,FE006,AP004,5,24,49,53,-99,-99,-99,2nd fert. 1st application,D00087,900002,MEDIUM_RW 
Kisumu,Kisumu West,34.625,-0.025,42,2,NA,FE006,AP004,5,24,49,53,-99,-99,-99,2nd fert. 2nd application,D00087,900002,MEDIUM_RW 
Kisumu,Kisumu West,34.625,-0.025,0,1,NA,FE006,AP004,5,18,37,40,-99,-99,-99,3rd fert. 1st application,D00087,900002,MEDIUM_RW 
Kisumu,Kisumu West,34.625,-0.025,42,2,NA,FE006,AP004,5,30,62,67,-99,-99,-99,3rd fert. 2nd application,D00087,900002,MEDIUM_RW 
Kisumu,Kisumu West,34.675,-0.025,0,1,NA,FE006,AP004,5,44,67,33,-99,-99,-99,1st fert. 1st application,D00078,900003,LONG_RW
Kisumu,Kisumu West,34.675,-0.025,42,2,NA,FE006,AP004,5,27,40,20,-99,-99,-99,1st fert. 2nd application,D00078,900003,LONG_RW
Kisumu,Kisumu West,34.675,-0.025,0,1,NA,FE006,AP004,5,35,54,26,-99,-99,-99,2nd fert. 1st application,D00078,900003,LONG_RW
Kisumu,Kisumu West,34.675,-0.025,42,2,NA,FE006,AP004,5,35,54,26,-99,-99,-99,2nd fert. 2nd application,D00078,900003,LONG_RW
Kisumu,Kisumu West,34.675,-0.025,0,1,NA,FE006,AP004,5,27,40,20,-99,-99,-99,3rd fert. 1st application,D00078,900003,LONG_RW
Kisumu,Kisumu West,34.675,-0.025,42,2,NA,FE006,AP004,5,44,67,33,-99,-99,-99,3rd fert. 2nd application,D00078,900003,LONG_RW
Kisumu,Kisumu West,34.725,-0.025,0,1,NA,FE006,AP004,5,39,50,65,-99,-99,-99,1st fert. 1st application,D00092,900001,SHORT_RW
Kisumu,Kisumu West,34.725,-0.025,42,2,NA,FE006,AP004,5,23,30,39,-99,-99,-99,1st fert. 2nd application,D00092,900001,SHORT_RW
Kisumu,Kisumu West,34.725,-0.025,0,1,NA,FE006,AP004,5,31,40,52,-99,-99,-99,2nd fert. 1st application,D00092,900001,SHORT_RW
Kisumu,Kisumu West,34.725,-0.025,42,2,NA,FE006,AP004,5,31,40,52,-99,-99,-99,2nd fert. 2nd application,D00092,900001,SHORT_RW
Kisumu,Kisumu West,34.725,-0.025,0,1,NA,FE006,AP004,5,23,30,39,-99,-99,-99,3rd fert. 1st application,D00092,900001,SHORT_RW
Kisumu,Kisumu West,34.725,-0.025,42,2,NA,FE006,AP004,5,39,50,65,-99,-99,-99,3rd fert. 2nd application,D00092,900001,SHORT_RW
Kisumu,Kisumu East,34.775,-0.025,0,1,NA,FE006,AP004,5,66,44,52,-99,-99,-99,1st fert. 1st application,D00078,900002,MEDIUM_RW 
Kisumu,Kisumu East,34.775,-0.025,42,2,NA,FE006,AP004,5,39,27,31,-99,-99,-99,1st fert. 2nd application,D00078,900002,MEDIUM_RW 
Kisumu,Kisumu East,34.775,-0.025,0,1,NA,FE006,AP004,5,53,36,42,-99,-99,-99,2nd fert. 1st application,D00078,900002,MEDIUM_RW 
Kisumu,Kisumu East,34.775,-0.025,42,2,NA,FE006,AP004,5,53,36,42,-99,-99,-99,2nd fert. 2nd application,D00078,900002,MEDIUM_RW 
Kisumu,Kisumu East,34.775,-0.025,0,1,NA,FE006,AP004,5,39,27,31,-99,-99,-99,3rd fert. 1st application,D00078,900002,MEDIUM_RW 
Kisumu,Kisumu East,34.775,-0.025,42,2,NA,FE006,AP004,5,66,44,52,-99,-99,-99,3rd fert. 2nd application,D00078,900002,MEDIUM_RW 
Kisumu,Muhoroni,34.825,-0.025,0,1,NA,FE006,AP004,5,47,37,58,-99,-99,-99,1st fert. 1st application,D00101,900003,LONG_RW
Kisumu,Muhoroni,34.825,-0.025,42,2,NA,FE006,AP004,5,28,22,35,-99,-99,-99,1st fert. 2nd application,D00101,900003,LONG_RW
Kisumu,Muhoroni,34.825,-0.025,0,1,NA,FE006,AP004,5,38,30,46,-99,-99,-99,2nd fert. 1st application,D00101,900003,LONG_RW
Kisumu,Muhoroni,34.825,-0.025,42,2,NA,FE006,AP004,5,38,30,46,-99,-99,-99,2nd fert. 2nd application,D00101,900003,LONG_RW
Kisumu,Muhoroni,34.825,-0.025,0,1,NA,FE006,AP004,5,28,22,35,-99,-99,-99,3rd fert. 1st application,D00101,900003,LONG_RW
Kisumu,Muhoroni,34.825,-0.025,42,2,NA,FE006,AP004,5,47,37,58,-99,-99,-99,3rd fert. 2nd application,D00101,900003,LONG_RW
Kisumu,Muhoroni,34.875,-0.025,0,1,NA,FE006,AP004,5,66,31,34,-99,-99,-99,1st fert. 1st application,D00079,900001,SHORT_RW
Kisumu,Muhoroni,34.875,-0.025,42,2,NA,FE006,AP004,5,39,18,20,-99,-99,-99,1st fert. 2nd application,D00079,900001,SHORT_RW
Kisumu,Muhoroni,34.875,-0.025,0,1,NA,FE006,AP004,5,52,24,27,-99,-99,-99,2nd fert. 1st application,D00079,900001,SHORT_RW
Kisumu,Muhoroni,34.875,-0.025,42,2,NA,FE006,AP004,5,52,24,27,-99,-99,-99,2nd fert. 2nd application,D00079,900001,SHORT_RW
Kisumu,Muhoroni,34.875,-0.025,0,1,NA,FE006,AP004,5,39,18,20,-99,-99,-99,3rd fert. 1st application,D00079,900001,SHORT_RW
Kisumu,Muhoroni,34.875,-0.025,42,2,NA,FE006,AP004,5,66,31,34,-99,-99,-99,3rd fert. 2nd application,D00079,900001,SHORT_RW
Kisumu,Muhoroni,34.975,-0.025,0,1,NA,FE006,AP004,5,66,44,57,-99,-99,-99,1st fert. 1st application,D00099,900002,MEDIUM_RW 
Kisumu,Muhoroni,34.975,-0.025,42,2,NA,FE006,AP004,5,39,27,34,-99,-99,-99,1st fert. 2nd application,D00099,900002,MEDIUM_RW 
Kisumu,Muhoroni,34.975,-0.025,0,1,NA,FE006,AP004,5,52,36,45,-99,-99,-99,2nd fert. 1st application,D00099,900002,MEDIUM_RW 
Kisumu,Muhoroni,34.975,-0.025,42,2,NA,FE006,AP004,5,52,36,45,-99,-99,-99,2nd fert. 2nd application,D00099,900002,MEDIUM_RW 
Kisumu,Muhoroni,34.975,-0.025,0,1,NA,FE006,AP004,5,39,27,34,-99,-99,-99,3rd fert. 1st application,D00099,900002,MEDIUM_RW 
Kisumu,Muhoroni,34.975,-0.025,42,2,NA,FE006,AP004,5,66,44,57,-99,-99,-99,3rd fert. 2nd application,D00099,900002,MEDIUM_RW 
Kisumu,Muhoroni,35.125,-0.025,0,1,NA,FE006,AP004,5,65,54,41,-99,-99,-99,1st fert. 1st application,D00093,900003,LONG_RW
Kisumu,Muhoroni,35.125,-0.025,42,2,NA,FE006,AP004,5,39,32,24,-99,-99,-99,1st fert. 2nd application,D00093,900003,LONG_RW
Kisumu,Muhoroni,35.125,-0.025,0,1,NA,FE006,AP004,5,52,43,32,-99,-99,-99,2nd fert. 1st application,D00093,900003,LONG_RW
Kisumu,Muhoroni,35.125,-0.025,42,2,NA,FE006,AP004,5,52,43,32,-99,-99,-99,2nd fert. 2nd application,D00093,900003,LONG_RW
Kisumu,Muhoroni,35.125,-0.025,0,1,NA,FE006,AP004,5,39,32,24,-99,-99,-99,3rd fert. 1st application,D00093,900003,LONG_RW
Kisumu,Muhoroni,35.125,-0.025,42,2,NA,FE006,AP004,5,65,54,41,-99,-99,-99,3rd fert. 2nd application,D00093,900003,LONG_RW
Kisumu,Muhoroni,35.175,-0.025,0,1,NA,FE006,AP004,5,47,36,61,-99,-99,-99,1st fert. 1st application,D00092,900001,SHORT_RW
Kisumu,Muhoroni,35.175,-0.025,42,2,NA,FE006,AP004,5,28,22,37,-99,-99,-99,1st fert. 2nd application,D00092,900001,SHORT_RW
Kisumu,Muhoroni,35.175,-0.025,0,1,NA,FE006,AP004,5,38,29,49,-99,-99,-99,2nd fert. 1st application,D00092,900001,SHORT_RW
Kisumu,Muhoroni,35.175,-0.025,42,2,NA,FE006,AP004,5,38,29,49,-99,-99,-99,2nd fert. 2nd application,D00092,900001,SHORT_RW
Kisumu,Muhoroni,35.175,-0.025,0,1,NA,FE006,AP004,5,28,22,37,-99,-99,-99,3rd fert. 1st application,D00092,900001,SHORT_RW
Kisumu,Muhoroni,35.175,-0.025,42,2,NA,FE006,AP004,5,47,36,61,-99,-99,-99,3rd fert. 2nd application,D00092,900001,SHORT_RW
Kisumu,Seme,34.425,-0.075,0,1,NA,FE006,AP004,5,63,47,45,-99,-99,-99,1st fert. 1st application,D00078,900002,MEDIUM_RW 
Kisumu,Seme,34.425,-0.075,42,2,NA,FE006,AP004,5,38,28,27,-99,-99,-99,1st fert. 2nd application,D00078,900002,MEDIUM_RW 
Kisumu,Seme,34.425,-0.075,0,1,NA,FE006,AP004,5,50,38,36,-99,-99,-99,2nd fert. 1st application,D00078,900002,MEDIUM_RW 
Kisumu,Seme,34.425,-0.075,42,2,NA,FE006,AP004,5,50,38,36,-99,-99,-99,2nd fert. 2nd application,D00078,900002,MEDIUM_RW 
Kisumu,Seme,34.425,-0.075,0,1,NA,FE006,AP004,5,38,28,27,-99,-99,-99,3rd fert. 1st application,D00078,900002,MEDIUM_RW 
Kisumu,Seme,34.425,-0.075,42,2,NA,FE006,AP004,5,63,47,45,-99,-99,-99,3rd fert. 2nd application,D00078,900002,MEDIUM_RW 
Kisumu,Seme,34.475,-0.075,0,1,NA,FE006,AP004,5,56,36,73,-99,-99,-99,1st fert. 1st application,D00101,900003,LONG_RW
Kisumu,Seme,34.475,-0.075,42,2,NA,FE006,AP004,5,34,22,44,-99,-99,-99,1st fert. 2nd application,D00101,900003,LONG_RW
Kisumu,Seme,34.475,-0.075,0,1,NA,FE006,AP004,5,45,29,59,-99,-99,-99,2nd fert. 1st application,D00101,900003,LONG_RW
Kisumu,Seme,34.475,-0.075,42,2,NA,FE006,AP004,5,45,29,59,-99,-99,-99,2nd fert. 2nd application,D00101,900003,LONG_RW
Kisumu,Seme,34.475,-0.075,0,1,NA,FE006,AP004,5,34,22,44,-99,-99,-99,3rd fert. 1st application,D00101,900003,LONG_RW
Kisumu,Seme,34.475,-0.075,42,2,NA,FE006,AP004,5,56,36,73,-99,-99,-99,3rd fert. 2nd application,D00101,900003,LONG_RW
Kisumu,Seme,34.525,-0.075,0,1,NA,FE006,AP004,5,61,50,73,-99,-99,-99,1st fert. 1st application,D00085,900001,SHORT_RW
Kisumu,Seme,34.525,-0.075,42,2,NA,FE006,AP004,5,36,30,44,-99,-99,-99,1st fert. 2nd application,D00085,900001,SHORT_RW
Kisumu,Seme,34.525,-0.075,0,1,NA,FE006,AP004,5,48,40,59,-99,-99,-99,2nd fert. 1st application,D00085,900001,SHORT_RW
Kisumu,Seme,34.525,-0.075,42,2,NA,FE006,AP004,5,48,40,59,-99,-99,-99,2nd fert. 2nd application,D00085,900001,SHORT_RW
Kisumu,Seme,34.525,-0.075,0,1,NA,FE006,AP004,5,36,30,44,-99,-99,-99,3rd fert. 1st application,D00085,900001,SHORT_RW
Kisumu,Seme,34.525,-0.075,42,2,NA,FE006,AP004,5,61,50,73,-99,-99,-99,3rd fert. 2nd application,D00085,900001,SHORT_RW
Kisumu,Seme,34.575,-0.075,0,1,NA,FE006,AP004,5,25,43,61,-99,-99,-99,1st fert. 1st application,D00087,900002,MEDIUM_RW 
Kisumu,Seme,34.575,-0.075,42,2,NA,FE006,AP004,5,15,26,37,-99,-99,-99,1st fert. 2nd application,D00087,900002,MEDIUM_RW 
Kisumu,Seme,34.575,-0.075,0,1,NA,FE006,AP004,5,20,34,49,-99,-99,-99,2nd fert. 1st application,D00087,900002,MEDIUM_RW 
Kisumu,Seme,34.575,-0.075,42,2,NA,FE006,AP004,5,20,34,49,-99,-99,-99,2nd fert. 2nd application,D00087,900002,MEDIUM_RW 
Kisumu,Seme,34.575,-0.075,0,1,NA,FE006,AP004,5,15,26,37,-99,-99,-99,3rd fert. 1st application,D00087,900002,MEDIUM_RW 
Kisumu,Seme,34.575,-0.075,42,2,NA,FE006,AP004,5,25,43,61,-99,-99,-99,3rd fert. 2nd application,D00087,900002,MEDIUM_RW 
Kisumu,Kisumu West,34.625,-0.075,0,1,NA,FE006,AP004,5,49,57,38,-99,-99,-99,1st fert. 1st application,D00078,900003,LONG_RW
Kisumu,Kisumu West,34.625,-0.075,42,2,NA,FE006,AP004,5,29,34,23,-99,-99,-99,1st fert. 2nd application,D00078,900003,LONG_RW
Kisumu,Kisumu West,34.625,-0.075,0,1,NA,FE006,AP004,5,39,46,30,-99,-99,-99,2nd fert. 1st application,D00078,900003,LONG_RW
Kisumu,Kisumu West,34.625,-0.075,42,2,NA,FE006,AP004,5,39,46,30,-99,-99,-99,2nd fert. 2nd application,D00078,900003,LONG_RW
Kisumu,Kisumu West,34.625,-0.075,0,1,NA,FE006,AP004,5,29,34,23,-99,-99,-99,3rd fert. 1st application,D00078,900003,LONG_RW
Kisumu,Kisumu West,34.625,-0.075,42,2,NA,FE006,AP004,5,49,57,38,-99,-99,-99,3rd fert. 2nd application,D00078,900003,LONG_RW
Kisumu,Kisumu West,34.675,-0.075,0,1,NA,FE006,AP004,5,36,44,36,-99,-99,-99,1st fert. 1st application,D00092,900001,SHORT_RW
Kisumu,Kisumu West,34.675,-0.075,42,2,NA,FE006,AP004,5,22,26,22,-99,-99,-99,1st fert. 2nd application,D00092,900001,SHORT_RW
Kisumu,Kisumu West,34.675,-0.075,0,1,NA,FE006,AP004,5,29,35,29,-99,-99,-99,2nd fert. 1st application,D00092,900001,SHORT_RW
Kisumu,Kisumu West,34.675,-0.075,42,2,NA,FE006,AP004,5,29,35,29,-99,-99,-99,2nd fert. 2nd application,D00092,900001,SHORT_RW
Kisumu,Kisumu West,34.675,-0.075,0,1,NA,FE006,AP004,5,22,26,22,-99,-99,-99,3rd fert. 1st application,D00092,900001,SHORT_RW
Kisumu,Kisumu West,34.675,-0.075,42,2,NA,FE006,AP004,5,36,44,36,-99,-99,-99,3rd fert. 2nd application,D00092,900001,SHORT_RW
Kisumu,Kisumu Central,34.725,-0.075,0,1,NA,FE006,AP004,5,44,43,55,-99,-99,-99,1st fert. 1st application,D00078,900002,MEDIUM_RW 
Kisumu,Kisumu Central,34.725,-0.075,42,2,NA,FE006,AP004,5,26,26,33,-99,-99,-99,1st fert. 2nd application,D00078,900002,MEDIUM_RW 
Kisumu,Kisumu Central,34.725,-0.075,0,1,NA,FE006,AP004,5,35,34,44,-99,-99,-99,2nd fert. 1st application,D00078,900002,MEDIUM_RW 
Kisumu,Kisumu Central,34.725,-0.075,42,2,NA,FE006,AP004,5,35,34,44,-99,-99,-99,2nd fert. 2nd application,D00078,900002,MEDIUM_RW 
Kisumu,Kisumu Central,34.725,-0.075,0,1,NA,FE006,AP004,5,26,26,33,-99,-99,-99,3rd fert. 1st application,D00078,900002,MEDIUM_RW 
Kisumu,Kisumu Central,34.725,-0.075,42,2,NA,FE006,AP004,5,44,43,55,-99,-99,-99,3rd fert. 2nd application,D00078,900002,MEDIUM_RW 
Kisumu,Kisumu Central,34.775,-0.075,0,1,NA,FE006,AP004,5,56,52,38,-99,-99,-99,1st fert. 1st application,D00101,900003,LONG_RW
Kisumu,Kisumu Central,34.775,-0.075,42,2,NA,FE006,AP004,5,33,31,23,-99,-99,-99,1st fert. 2nd application,D00101,900003,LONG_RW
Kisumu,Kisumu Central,34.775,-0.075,0,1,NA,FE006,AP004,5,45,41,31,-99,-99,-99,2nd fert. 1st application,D00101,900003,LONG_RW
Kisumu,Kisumu Central,34.775,-0.075,42,2,NA,FE006,AP004,5,45,41,31,-99,-99,-99,2nd fert. 2nd application,D00101,900003,LONG_RW
Kisumu,Kisumu Central,34.775,-0.075,0,1,NA,FE006,AP004,5,33,31,23,-99,-99,-99,3rd fert. 1st application,D00101,900003,LONG_RW
Kisumu,Kisumu Central,34.775,-0.075,42,2,NA,FE006,AP004,5,56,52,38,-99,-99,-99,3rd fert. 2nd application,D00101,900003,LONG_RW
Kisumu,Kisumu East,34.825,-0.075,0,1,NA,FE006,AP004,5,43,62,52,-99,-99,-99,1st fert. 1st application,D00079,900001,SHORT_RW
Kisumu,Kisumu East,34.825,-0.075,42,2,NA,FE006,AP004,5,26,37,31,-99,-99,-99,1st fert. 2nd application,D00079,900001,SHORT_RW
Kisumu,Kisumu East,34.825,-0.075,0,1,NA,FE006,AP004,5,34,50,41,-99,-99,-99,2nd fert. 1st application,D00079,900001,SHORT_RW
Kisumu,Kisumu East,34.825,-0.075,42,2,NA,FE006,AP004,5,34,50,41,-99,-99,-99,2nd fert. 2nd application,D00079,900001,SHORT_RW
Kisumu,Kisumu East,34.825,-0.075,0,1,NA,FE006,AP004,5,26,37,31,-99,-99,-99,3rd fert. 1st application,D00079,900001,SHORT_RW
Kisumu,Kisumu East,34.825,-0.075,42,2,NA,FE006,AP004,5,43,62,52,-99,-99,-99,3rd fert. 2nd application,D00079,900001,SHORT_RW
Kisumu,Kisumu East,34.875,-0.075,0,1,NA,FE006,AP004,5,31,36,64,-99,-99,-99,1st fert. 1st application,D00099,900002,MEDIUM_RW 
Kisumu,Kisumu East,34.875,-0.075,42,2,NA,FE006,AP004,5,18,22,39,-99,-99,-99,1st fert. 2nd application,D00099,900002,MEDIUM_RW 
Kisumu,Kisumu East,34.875,-0.075,0,1,NA,FE006,AP004,5,24,29,51,-99,-99,-99,2nd fert. 1st application,D00099,900002,MEDIUM_RW 
Kisumu,Kisumu East,34.875,-0.075,42,2,NA,FE006,AP004,5,24,29,51,-99,-99,-99,2nd fert. 2nd application,D00099,900002,MEDIUM_RW 
Kisumu,Kisumu East,34.875,-0.075,0,1,NA,FE006,AP004,5,18,22,39,-99,-99,-99,3rd fert. 1st application,D00099,900002,MEDIUM_RW 
Kisumu,Kisumu East,34.875,-0.075,42,2,NA,FE006,AP004,5,31,36,64,-99,-99,-99,3rd fert. 2nd application,D00099,900002,MEDIUM_RW 
Kisumu,Muhoroni,34.925,-0.075,0,1,NA,FE006,AP004,5,37,46,33,-99,-99,-99,1st fert. 1st application,D00093,900003,LONG_RW
Kisumu,Muhoroni,34.925,-0.075,42,2,NA,FE006,AP004,5,22,27,20,-99,-99,-99,1st fert. 2nd application,D00093,900003,LONG_RW
Kisumu,Muhoroni,34.925,-0.075,0,1,NA,FE006,AP004,5,30,37,27,-99,-99,-99,2nd fert. 1st application,D00093,900003,LONG_RW
Kisumu,Muhoroni,34.925,-0.075,42,2,NA,FE006,AP004,5,30,37,27,-99,-99,-99,2nd fert. 2nd application,D00093,900003,LONG_RW
Kisumu,Muhoroni,34.925,-0.075,0,1,NA,FE006,AP004,5,22,27,20,-99,-99,-99,3rd fert. 1st application,D00093,900003,LONG_RW
Kisumu,Muhoroni,34.925,-0.075,42,2,NA,FE006,AP004,5,37,46,33,-99,-99,-99,3rd fert. 2nd application,D00093,900003,LONG_RW
Kisumu,Muhoroni,34.975,-0.075,0,1,NA,FE006,AP004,5,58,38,45,-99,-99,-99,1st fert. 1st application,D00092,900001,SHORT_RW
Kisumu,Muhoroni,34.975,-0.075,42,2,NA,FE006,AP004,5,35,23,27,-99,-99,-99,1st fert. 2nd application,D00092,900001,SHORT_RW
Kisumu,Muhoroni,34.975,-0.075,0,1,NA,FE006,AP004,5,47,31,36,-99,-99,-99,2nd fert. 1st application,D00092,900001,SHORT_RW
Kisumu,Muhoroni,34.975,-0.075,42,2,NA,FE006,AP004,5,47,31,36,-99,-99,-99,2nd fert. 2nd application,D00092,900001,SHORT_RW
Kisumu,Muhoroni,34.975,-0.075,0,1,NA,FE006,AP004,5,35,23,27,-99,-99,-99,3rd fert. 1st application,D00092,900001,SHORT_RW
Kisumu,Muhoroni,34.975,-0.075,42,2,NA,FE006,AP004,5,58,38,45,-99,-99,-99,3rd fert. 2nd application,D00092,900001,SHORT_RW
Kisumu,Muhoroni,35.025,-0.075,0,1,NA,FE006,AP004,5,46,56,49,-99,-99,-99,1st fert. 1st application,D00078,900002,MEDIUM_RW 
Kisumu,Muhoroni,35.025,-0.075,42,2,NA,FE006,AP004,5,28,34,29,-99,-99,-99,1st fert. 2nd application,D00078,900002,MEDIUM_RW 
Kisumu,Muhoroni,35.025,-0.075,0,1,NA,FE006,AP004,5,37,45,39,-99,-99,-99,2nd fert. 1st application,D00078,900002,MEDIUM_RW 
Kisumu,Muhoroni,35.025,-0.075,42,2,NA,FE006,AP004,5,37,45,39,-99,-99,-99,2nd fert. 2nd application,D00078,900002,MEDIUM_RW 
Kisumu,Muhoroni,35.025,-0.075,0,1,NA,FE006,AP004,5,28,34,29,-99,-99,-99,3rd fert. 1st application,D00078,900002,MEDIUM_RW 
Kisumu,Muhoroni,35.025,-0.075,42,2,NA,FE006,AP004,5,46,56,49,-99,-99,-99,3rd fert. 2nd application,D00078,900002,MEDIUM_RW 
Kisumu,Muhoroni,35.075,-0.075,0,1,NA,FE006,AP004,5,64,34,68,-99,-99,-99,1st fert. 1st application,D00101,900003,LONG_RW
Kisumu,Muhoroni,35.075,-0.075,42,2,NA,FE006,AP004,5,39,21,41,-99,-99,-99,1st fert. 2nd application,D00101,900003,LONG_RW
Kisumu,Muhoroni,35.075,-0.075,0,1,NA,FE006,AP004,5,52,27,55,-99,-99,-99,2nd fert. 1st application,D00101,900003,LONG_RW
Kisumu,Muhoroni,35.075,-0.075,42,2,NA,FE006,AP004,5,52,27,55,-99,-99,-99,2nd fert. 2nd application,D00101,900003,LONG_RW
Kisumu,Muhoroni,35.075,-0.075,0,1,NA,FE006,AP004,5,39,21,41,-99,-99,-99,3rd fert. 1st application,D00101,900003,LONG_RW
Kisumu,Muhoroni,35.075,-0.075,42,2,NA,FE006,AP004,5,64,34,68,-99,-99,-99,3rd fert. 2nd application,D00101,900003,LONG_RW
Kisumu,Muhoroni,35.125,-0.075,0,1,NA,FE006,AP004,5,30,68,71,-99,-99,-99,1st fert. 1st application,D00085,900001,SHORT_RW
Kisumu,Muhoroni,35.125,-0.075,42,2,NA,FE006,AP004,5,18,41,43,-99,-99,-99,1st fert. 2nd application,D00085,900001,SHORT_RW
Kisumu,Muhoroni,35.125,-0.075,0,1,NA,FE006,AP004,5,24,55,57,-99,-99,-99,2nd fert. 1st application,D00085,900001,SHORT_RW
Kisumu,Muhoroni,35.125,-0.075,42,2,NA,FE006,AP004,5,24,55,57,-99,-99,-99,2nd fert. 2nd application,D00085,900001,SHORT_RW
Kisumu,Muhoroni,35.125,-0.075,0,1,NA,FE006,AP004,5,18,41,43,-99,-99,-99,3rd fert. 1st application,D00085,900001,SHORT_RW
Kisumu,Muhoroni,35.125,-0.075,42,2,NA,FE006,AP004,5,30,68,71,-99,-99,-99,3rd fert. 2nd application,D00085,900001,SHORT_RW
Kisumu,Muhoroni,35.175,-0.075,0,1,NA,FE006,AP004,5,47,62,69,-99,-99,-99,1st fert. 1st application,D00087,900002,MEDIUM_RW 
Kisumu,Muhoroni,35.175,-0.075,42,2,NA,FE006,AP004,5,28,37,41,-99,-99,-99,1st fert. 2nd application,D00087,900002,MEDIUM_RW 
Kisumu,Muhoroni,35.175,-0.075,0,1,NA,FE006,AP004,5,37,50,55,-99,-99,-99,2nd fert. 1st application,D00087,900002,MEDIUM_RW 
Kisumu,Muhoroni,35.175,-0.075,42,2,NA,FE006,AP004,5,37,50,55,-99,-99,-99,2nd fert. 2nd application,D00087,900002,MEDIUM_RW 
Kisumu,Muhoroni,35.175,-0.075,0,1,NA,FE006,AP004,5,28,37,41,-99,-99,-99,3rd fert. 1st application,D00087,900002,MEDIUM_RW 
Kisumu,Muhoroni,35.175,-0.075,42,2,NA,FE006,AP004,5,47,62,69,-99,-99,-99,3rd fert. 2nd application,D00087,900002,MEDIUM_RW 
Kisumu,Muhoroni,35.225,-0.075,0,1,NA,FE006,AP004,5,74,58,59,-99,-99,-99,1st fert. 1st application,D00078,900003,LONG_RW
Kisumu,Muhoroni,35.225,-0.075,42,2,NA,FE006,AP004,5,45,35,35,-99,-99,-99,1st fert. 2nd application,D00078,900003,LONG_RW
Kisumu,Muhoroni,35.225,-0.075,0,1,NA,FE006,AP004,5,59,47,47,-99,-99,-99,2nd fert. 1st application,D00078,900003,LONG_RW
Kisumu,Muhoroni,35.225,-0.075,42,2,NA,FE006,AP004,5,59,47,47,-99,-99,-99,2nd fert. 2nd application,D00078,900003,LONG_RW
Kisumu,Muhoroni,35.225,-0.075,0,1,NA,FE006,AP004,5,45,35,35,-99,-99,-99,3rd fert. 1st application,D00078,900003,LONG_RW
Kisumu,Muhoroni,35.225,-0.075,42,2,NA,FE006,AP004,5,74,58,59,-99,-99,-99,3rd fert. 2nd application,D00078,900003,LONG_RW
Kisumu,Kisumu East,34.825,0.025,0,1,NA,FE006,AP004,5,70,56,73,-99,-99,-99,1st fert. 1st application,D00092,900001,SHORT_RW
Kisumu,Kisumu East,34.825,0.025,42,2,NA,FE006,AP004,5,42,34,44,-99,-99,-99,1st fert. 2nd application,D00092,900001,SHORT_RW
Kisumu,Kisumu East,34.825,0.025,0,1,NA,FE006,AP004,5,56,45,58,-99,-99,-99,2nd fert. 1st application,D00092,900001,SHORT_RW
Kisumu,Kisumu East,34.825,0.025,42,2,NA,FE006,AP004,5,56,45,58,-99,-99,-99,2nd fert. 2nd application,D00092,900001,SHORT_RW
Kisumu,Kisumu East,34.825,0.025,0,1,NA,FE006,AP004,5,42,34,44,-99,-99,-99,3rd fert. 1st application,D00092,900001,SHORT_RW
Kisumu,Kisumu East,34.825,0.025,42,2,NA,FE006,AP004,5,70,56,73,-99,-99,-99,3rd fert. 2nd application,D00092,900001,SHORT_RW
,,,,,,,,,,,,,,,,,,,
,,,,,,,,,,,,,,,,,,,
,,,,,,,,,,,,,,,,,,,
,,,,,,,,,,,,,,,,,,,
,,,,,,,,,,,,,,,,,,,
,,,,,,,,,,,,,,,,,,,
,,,,,,,,,,,,,,,,,,,
,,,,,,,,,,,,,,,,,,,
,,,,,,,,,,,,,,,,,,,
,,,,,,,,,,,,,,,,,,,
,,,,,,,,,,,,,,,,,,,
,,,,,,,,,,,,,,,,,,,
,,,,,,,,,,,,,,,,,,,
,,,,,,,,,,,,,,,,,,,
,,,,,,,,,,,,,,,,,,,
,,,,,,,,,,,,,,,,,,,
,,,,,,,,,,,,,,,,,,,
,,,,,,,,,,,,,,,,,,,
,,,,,,,,,,,,,,,,,,,
,,,,,,,,,,,,,,,,,,,
,,,,,,,,,,,,,,,,,,,
,,,,,,,,,,,,,,,,,,,
,,,,,,,,,,,,,,,,,,,
,,,,,,,,,,,,,,,,,,,
,,,,,,,,,,,,,,,,,,,
,,,,,,,,,,,,,,,,,,,
,,,,,,,,,,,,,,,,,,,
,,,,,,,,,,,,,,,,,,,
,,,,,,,,,,,,,,,,,,,
,,,,,,,,,,,,,,,,,,,
,,,,,,,,,,,,,,,,,,,
,,,,,,,,,,,,,,,,,,,
,,,,,,,,,,,,,,,,,,,
,,,,,,,,,,,,,,,,,,,
,,,,,,,,,,,,,,,,,,,
,,,,,,,,,,,,,,,,,,,
,,,,,,,,,,,,,,,,,,,
